,GSM1437845,GSM1437886,GSM1437894,GSM1437898,GSM1437908,GSM1437910,GSM1437927,GSM1437937,GSM1437945,GSM1437952,GSM1437960,GSM1437968,GSM1437986,GSM1437992,GSM1438014,GSM1438022,GSM1438026,GSM1438028,GSM1438032,GSM1438042,GSM1438046,GSM1438048,GSM1438050,GSM1438054,GSM1438058,GSM1438060,GSM1438062,GSM1438074,GSM1438082,GSM1438120,GSM1438122,GSM1438124,GSM1438126,Tarca_879_P10G02,Tarca_911_P10G06,Tarca_910_P10F06,Tarca_168_P2H09,Tarca_190_P2F12,Tarca_166_P2F09,Tarca_211_P3C03,Tarca_208_P3H02,Tarca_813_P9E06,Tarca_065_P1F05,Tarca_053_P1E05,Tarca_770_P9B01,Tarca_261_P3E09,Tarca_259_P3C09,Tarca_030_P1C06,Tarca_018_P1B06,Tarca_314_P4B04,Tarca_337_P4A07
28475_at,6.485961114,5.844273113,7.265862741,6.808289325,7.478386511,12.26711463,6.251606513,11.85555979,6.04563851,8.212419099,7.220023507,10.56246002,10.87215385,7.706330341,6.123836781,7.526669641,7.197674382,11.65196823,7.148011553,7.008699649,11.69566925,6.902603741,7.75245743,5.640307165,6.786891365,11.58611985,6.212252307,7.865388184,6.692208985,5.744688195,6.944853619,11.8805492,12.94788245,8.040973169,8.319625889,7.635284584,8.177385784,8.054001639,7.942999587,9.264962175,9.387869324,7.493468491,8.931584763,8.865363882,8.820298609,8.254230134,8.249248136,9.427361673,9.501556872,9.189659277,8.429535424
83857_at,4.610654833,6.817571345,5.661494794,4.790546018,3.654473265,4.925394038,4.981080436,4.999503775,5.631399852,6.006869288,7.182256262,7.035196697,5.204896567,6.39020215,4.939879573,4.790181197,6.312038558,5.993252864,3.282482382,5.972121356,5.762544345,5.72379787,5.357742367,6.378149924,6.269183031,5.838753609,4.513482847,6.528078411,5.132564149,6.655287793,4.901487813,6.478992867,4.151227971,7.243332836,7.064952981,7.808168593,5.763285789,5.666099962,5.974451076,6.085808471,5.888370476,7.102839557,5.452076226,5.23503145,4.992433629,4.50840374,4.581719732,4.945758323,4.736950074,6.859931406,7.36519848
100287029_at,8.619220021,8.733997939,7.916613496,7.775619956,7.707771298,7.49985821,8.193351968,8.108535079,7.567499646,5.163997507,6.18241754,7.672603648,8.354571881,8.081569035,8.093627947,8.184406044,5.449282383,8.809487333,7.346707701,8.120337978,8.318543859,8.204596354,8.458237679,7.284856094,8.875373225,5.869175013,6.579985239,4.687947318,8.395350381,8.911340144,7.845004576,8.404501585,7.124353024,6.237572239,6.56168135,6.313137602,8.359232428,8.271896498,8.856254706,9.320520007,9.155784215,7.370806126,8.236628813,7.904553891,7.919154003,6.432824347,6.509212442,9.694133426,9.253378638,8.946958612,9.749119922
57126_at,7.530450438,7.736773805,8.200655567,7.681095,5.876457119,8.223478787,8.2656584,8.016836811,7.39992707,7.836954761,7.350013533,8.755889066,7.805543019,8.021314724,7.939036494,6.816529711,7.854716902,7.770013568,7.527522879,8.285693248,6.389759197,7.97254983,7.626615233,6.062209305,6.52366944,7.565477965,7.92143267,7.700048573,8.51795766,8.0386308,6.909977824,7.10647497,7.751292123,7.814856519,7.363513523,7.846247996,7.672650854,7.251765311,7.521079545,5.164195206,5.397749807,6.656051026,8.403265746,7.693536496,7.964416425,6.530646324,6.436700451,8.130736638,8.174591675,5.881021001,6.200842703
4317_at,4.749974519,3.485516339,4.307143295,2.447356024,2.754315352,3.810267011,2.683179633,5.275735409,3.014743311,4.305152528,3.980610459,3.106612108,3.284520622,4.625413007,4.416234496,3.066829909,3.677369996,3.306412006,3.503655171,4.144639111,2.673407201,3.284520622,4.181136894,2.270776325,3.599672147,5.058938363,3.400965022,3.055086543,5.185284906,3.936898183,3.93310601,2.810295145,4.519728331,4.815844729,3.801761381,5.463288218,3.813567515,4.036829539,4.563454438,1.835253158,1.412568713,5.425193416,4.261338354,4.31815829,2.462821877,4.320734657,5.16688122,3.848155171,3.986880209,3.553748446,4.125736673
8781_at,2.526427925,3.465238149,2.582251088,2.550619075,2.601458776,2.643315762,4.603395922,2.948814955,2.597742194,3.75366834,2.539767938,2.533148084,2.639544021,2.557853025,2.589028005,2.694895032,3.992008613,2.480702986,2.541167144,4.428911661,4.769909872,2.600480336,2.627207085,2.525443514,2.6054213,2.651382381,2.638188306,2.67217803,2.645379913,2.561233719,2.662876219,2.696203217,4.181141977,3.215447759,3.039825892,3.581382784,3.309356659,3.373664636,3.453985593,2.860895651,2.477371494,3.591478331,2.995553566,3.471633726,2.760087457,3.076260574,3.464915645,2.61475884,2.985491075,3.064153945,3.929507211
28445_at,4.522829639,5.18373856,6.442393953,6.303348322,4.749105947,6.422514797,5.793876596,6.011031622,4.128338337,6.432112081,6.434056294,4.532138599,5.500168211,6.620292679,6.382966062,5.268122002,6.26127457,5.588693748,6.680550736,5.864936707,5.759852693,6.415520838,5.974000956,5.482232432,4.378775146,5.236691538,5.938210953,4.295580796,5.072046225,7.218526206,5.934541188,5.654682743,7.390287811,5.577987156,5.348239035,5.103569363,5.885485068,5.921111578,5.591241655,5.804165765,5.979262609,5.279031031,7.034177577,6.172727047,4.933746335,5.330471352,5.98435751,6.916100415,6.376271723,6.433357283,6.218298385
102724297_at,5.451642754,5.033827598,5.463050362,4.852728068,4.926035549,4.105357388,5.956776873,5.500673098,4.043450234,5.705310574,5.609017567,4.360828808,4.824301546,5.093532065,5.122183818,4.616648043,6.42950625,4.775988844,4.8188556,3.948927283,4.573803114,4.676109857,6.010173728,4.087207101,4.932529071,4.846453686,4.476173246,4.994577271,5.325596186,4.674589813,3.910949564,5.079147015,4.258945427,4.483094572,4.721171607,4.753247125,4.595358551,4.820798289,4.754210948,6.10717996,5.144780375,4.361461104,4.546393256,5.466466913,4.928265528,6.503511908,6.40065915,6.6665314,6.207518506,4.960476313,5.137349903
28935_at,8.422083563,8.292535303,9.530971044,8.202480436,8.392910325,8.828726261,8.377443148,8.147370268,8.563384627,9.344089722,7.516434174,7.971456781,7.729883977,10.06294239,7.640502182,8.757451049,8.867800944,8.185523518,8.580074241,8.510661885,8.482801593,8.19318586,8.993003572,7.965218027,8.172472668,8.080456964,8.547912254,8.254475266,8.181420904,8.20167819,8.604585707,8.12416826,9.005388534,8.810461781,10.58696704,7.876486207,6.527737949,7.921941907,7.454901947,9.12904688,8.536975535,7.634667154,4.959076096,5.571639629,9.643529547,7.777196871,8.825308119,8.755685792,8.729508325,8.700864355,8.802505628
692084_at,11.9040563,11.60526661,12.51110745,11.46350065,12.05460765,12.39847624,11.18728196,12.10715953,12.80835935,11.52537343,11.99500306,9.623545756,11.82377174,12.18770481,11.96872184,12.3193253,11.41898603,11.63201981,12.38911479,11.96559969,11.26695297,11.99116996,11.08623849,10.89836809,11.40946915,11.73563656,12.46596279,11.73904266,11.67787926,11.41898603,12.50508592,11.96251256,12.36865896,9.924058413,9.949612034,10.1195108,9.877189589,9.851237885,10.01399727,11.90349065,11.90707487,11.90395268,11.90500701,11.90668401,11.90713497,11.57218766,11.90774402,11.90460255,11.57489079,11.90223486,11.90688591
440742_at,3.308363447,4.800535482,3.763196309,3.98763254,5.19788381,4.215955189,3.404878664,4.996588233,2.58077411,3.181730764,4.908255492,4.594565891,4.31853409,3.664668909,5.059434255,2.539598122,5.282281712,5.591243382,4.706609063,3.156086995,2.753284116,4.88955064,4.153907286,4.331311753,4.157921199,2.522755181,4.46725266,5.237963506,2.940724931,4.097663935,3.683078983,4.826869059,4.964224319,3.801356936,4.110659088,3.99826339,4.068202761,3.928582871,3.704906812,4.262394483,3.78507761,3.498570593,3.588701219,3.584581184,3.992248562,3.51785502,3.888039817,3.346366724,4.08199144,3.788120042,3.834702899
27002_at,6.582376137,5.79452041,6.208943479,5.7288132,5.545236962,6.797009823,5.891009246,5.533582078,6.145620789,5.121854759,5.561589222,6.761423386,6.529637579,5.986243683,6.21602661,5.990415091,6.804762367,5.954132266,6.083093297,5.988238034,6.398129291,6.613516103,6.166339501,5.957505623,6.021710593,5.512599416,6.523468072,6.661615848,5.726253967,5.500376806,5.764475475,6.425698998,6.184556427,6.023318668,6.11888675,6.435397173,5.969765067,6.356858003,6.768728845,6.31673937,5.949458664,6.67357929,5.170278873,6.461208475,7.069755118,6.59146051,6.136277652,6.369495864,6.611363118,5.810179005,6.911684432
728660_at,3.925916253,3.098775977,4.254368016,4.594177197,2.712900014,3.79681773,3.471502288,3.472562158,5.083455361,4.49916876,3.577071741,4.039281433,3.557248953,3.468082065,4.461335144,3.199186897,3.488629138,4.573271896,2.878100066,3.574243498,2.976054101,4.497014514,4.822664226,2.476547664,4.307270455,2.449529266,3.959305904,3.734505587,4.617888749,4.009566115,3.697773079,4.061643808,3.671336435,3.386111195,3.314078369,3.507245571,3.345370265,4.179487626,3.861901736,3.749495216,4.205441,3.172646427,3.953683993,3.951213326,3.727236773,4.102740611,4.12698983,4.025864977,4.049737712,3.585046912,4.024283548
693140_at,2.250933967,3.341817598,2.250586993,2.19959229,2.938866167,1.793541042,2.033555417,2.697338675,3.1304097,2.056669054,4.241370238,4.236408672,2.201583485,3.745181587,1.55047249,1.626870434,2.474820899,1.817265993,3.393454176,2.371934181,2.451540727,3.547649895,1.956141927,3.334594802,2.031729106,2.443336227,2.709456589,2.18883442,3.830429922,3.141884407,1.911826813,2.375829613,2.053231726,2.4677996,2.319298009,2.781435904,3.163911409,3.338343696,2.808979799,2.54155357,2.548362173,3.292311056,2.633654724,2.461764253,2.917511269,2.551844941,3.231255989,3.287172505,2.407517986,2.686968096,2.804943893
64167_at,7.238551134,7.952349327,8.206903484,7.687189988,7.994246372,7.673849835,7.596215714,7.502289952,7.507770171,7.857478511,7.697523672,7.675793771,7.540188998,7.598847691,7.692132159,7.919209863,7.116772829,8.05306665,8.249653796,7.62943968,7.835329733,7.960218189,8.071384999,7.778864736,8.097591248,7.710208212,7.823014243,7.739061702,7.660619902,7.245415289,8.467620407,8.156808913,8.132112462,8.177743576,8.32716015,8.408413711,7.737838585,7.951651962,7.877747021,8.107549503,7.930450327,8.150874751,7.514490437,7.797222093,7.648568744,9.025633532,8.860518742,8.811750398,8.495549739,8.482299009,8.688994264
79056_at,7.312329352,6.850827884,7.20929163,7.609550946,6.486967434,6.940217546,6.948126799,7.46753345,6.671642037,7.546804591,7.853106622,7.395889204,7.415401894,7.185078483,7.417476672,6.601089389,7.345455668,7.200703004,6.648457669,7.581971044,7.418695621,7.484897921,7.112800302,6.88341617,7.20356264,7.275441824,7.593004347,7.10861952,7.064117333,7.081494541,6.910394172,7.184242806,7.56741302,7.468672705,7.595065851,7.741000457,8.320759579,8.700132254,8.683285071,6.582839633,6.559173955,7.626796191,7.554427364,7.724767212,7.055686793,8.11955896,7.675063068,6.941853372,6.238896188,6.958444629,7.48620789
102723828_at,3.995223783,5.538483973,4.986481194,3.901542832,3.852301486,3.264758556,5.928969856,4.936846988,4.503007471,4.839604483,3.632537883,3.502240241,4.440213512,3.965347467,5.12957429,4.67277077,3.528225681,5.331500851,3.825067605,3.83904027,4.565337897,4.640290839,5.096094031,4.004039058,5.237107757,4.265667775,4.469814322,3.891311214,3.887803363,3.659287254,3.845126167,3.71675894,4.203657798,3.940195673,3.983681674,3.853699333,5.587102698,5.285771064,5.462591295,3.617306681,3.70137283,4.110722211,3.766137061,4.056528909,3.85821487,7.341185981,7.296447828,4.477944443,4.251209157,4.094414193,4.169536172
100288486_at,8.171472974,8.541619428,7.738341317,7.893273154,7.903485392,7.125183165,7.952190625,7.932932414,7.645471165,7.644599442,8.167626239,7.698085032,7.845034919,8.066531973,8.051627036,8.030421922,7.167337235,8.66563845,7.237934755,7.864233565,8.023291604,7.817040295,8.123834714,7.143908226,8.789516873,7.477567095,7.258100946,6.757565545,7.870908552,8.779050461,7.238769547,8.243033646,7.469682721,6.749051159,6.968002985,6.93336897,8.723602906,8.481076432,8.76409762,9.407767597,8.978169372,6.893304499,8.486086204,8.518104706,7.617844308,7.548091995,6.956659601,8.780023798,8.470973611,9.777240575,9.287239172
5197_at,6.244682948,6.189079257,5.976147165,5.379152748,6.651432379,6.062502747,5.628413667,6.040689426,6.126882365,6.098513382,6.141795911,5.87111851,5.62460494,6.757985624,5.894215258,5.264359123,6.707353015,5.788843336,5.966841027,5.290997964,5.84656942,5.857495217,6.214869757,5.351875397,6.557744475,6.26487442,3.411592923,6.784362188,5.392029474,6.450153448,4.852238013,6.208925544,5.928973889,5.853819184,6.583796058,6.223600951,6.60255025,6.361054597,6.459934809,5.295671652,4.804860069,4.698542729,5.900679643,6.500314554,4.890611377,6.037574795,5.73689261,6.14179197,5.463211589,6.521093444,5.951511402
28516_at,4.309176588,3.870150384,4.98930957,4.018350519,4.14306537,4.658900728,5.546342581,4.018666833,4.118311943,4.219656213,4.473341073,4.044312391,5.000703977,3.785470892,3.171996372,4.274417409,3.567766733,4.167734978,3.783199955,4.182721909,4.974804309,4.620224445,3.777173823,4.470618264,3.707728311,2.834395779,3.973881257,4.503966832,3.495304396,4.563836992,4.501841339,3.435818906,5.322669912,4.366349161,4.466605659,4.838289277,4.248350866,4.201405033,4.237426642,4.114041152,4.239718213,4.199707503,5.178246513,4.195356122,4.173428384,4.613745187,4.592558749,4.071234242,4.707603992,3.531905969,4.570957335
284802_at,5.040472316,4.181033753,5.772447593,3.974876156,4.612877612,5.476931416,5.516309046,5.51795648,5.503280353,5.006096721,4.727074862,4.924174676,4.471388023,3.84300408,5.68156656,4.740517814,3.648105422,3.908128673,5.057619287,3.545250849,5.519190755,4.039858563,5.096200317,5.75549311,3.705996837,5.488368952,5.10196547,5.060040212,3.652161499,4.888940678,5.212821055,4.321831154,5.570723465,4.947170708,4.863543281,4.748126678,4.737129891,4.716080979,4.602536402,4.81224789,4.890625232,4.759418124,4.500538923,4.713498425,5.509283231,4.865290998,4.929467597,5.255673374,4.88121232,4.57905455,5.28594219
105369519_at,6.187668988,6.565775472,6.70411312,6.201722688,6.743974813,6.765670765,5.915318288,6.402725947,5.729534569,6.880773937,6.939557578,7.291445167,6.452754881,6.901528232,6.65536153,6.287982927,6.96441971,7.03262763,6.635312689,6.554208996,5.96797174,6.52566296,6.304274373,6.431095067,6.455297868,6.581008988,6.45673521,6.696722832,6.505962016,4.806146123,5.375705455,6.315380079,4.688712496,7.203257901,7.433775674,7.031069567,6.367440735,6.396174947,6.5043634,6.041937241,6.371890156,6.032320431,6.098754869,5.75202197,6.794976561,6.129494642,6.176700755,7.343879364,5.852156937,6.964653971,7.077243329
389740_at,3.284074946,4.510087459,3.894450671,4.183746034,4.964072867,4.086868598,3.790692626,4.086565974,3.431641494,4.8097909,3.921125091,3.422778588,3.633364203,5.333588355,4.691654123,4.449707521,4.696745482,5.030924255,3.9496902,3.743405556,3.997499316,3.731171665,4.723595733,3.499003995,4.132648483,4.622382963,3.858547927,4.627320572,4.976542574,3.758179955,4.596541842,3.700546433,4.697795491,4.973123312,4.247629228,5.566650862,3.943220145,3.344760708,3.820446233,3.583376152,3.716047659,4.351022911,4.141553716,3.854076576,4.153823235,3.86479515,3.911759197,4.675661779,3.570201691,4.408233352,4.171896821
105376745_at,2.689258885,2.724246611,4.143824489,3.206704641,2.989144045,3.413113856,4.135268807,2.413965223,3.180188067,3.608459648,2.572944134,2.770784874,3.083870412,3.002625144,2.803828717,2.759675587,3.294122804,3.566206658,2.821859613,3.285861204,3.064764912,3.133341219,2.749757932,2.829109596,3.098841041,2.783117996,3.142445374,3.912884499,2.642590827,2.667867778,2.988063787,2.674509852,3.027488526,3.732089981,2.891155099,3.55768159,4.009767581,2.811898771,3.400870625,3.807822186,3.133845458,3.061115105,2.199725874,2.552262195,3.124920971,1.974849098,2.85385638,2.638918258,3.350167892,3.520499752,3.867647812
107985457_at,2.446732253,3.340674887,2.389019898,2.622568487,2.206570886,2.401337688,2.648868232,3.152096387,2.104061781,2.371399231,2.182864644,2.239710514,2.387512703,2.350887146,2.80919297,3.298963796,2.551349124,2.059401867,3.196588192,2.239699016,2.649473488,2.628542752,4.310189139,2.970477434,2.819919039,2.439524316,2.592116311,2.289051418,2.346700058,2.452912884,2.420700606,2.556324683,2.102313241,2.557619776,2.86231568,2.88294303,2.559978589,3.01971163,2.705001388,2.624921517,2.640758959,2.948570162,2.697513689,2.822102572,2.823255176,2.725699949,2.955753152,2.512577507,2.966277246,2.687878049,2.631948216
692208_at,4.714788155,4.400408329,5.531092258,5.178726747,3.900734747,5.904861411,3.829755543,4.093812887,4.144987124,4.409763269,3.765859544,4.167763668,5.895572506,5.595759059,4.683356325,4.516971517,5.604863503,4.033694708,5.892164709,5.1610403,5.448016505,5.538391758,3.747904225,4.076076441,5.222896341,4.249375906,4.653320913,4.293806707,4.97486995,5.286805913,5.507225692,5.899532611,4.424877364,4.717971555,4.690628868,5.202820116,4.621849861,5.018165392,4.428013542,5.285974502,4.792059978,4.573058703,4.757140092,5.228147032,4.08157532,4.492977578,5.242900561,5.503762532,4.307220871,3.814182603,4.939317972
28712_at,7.497762739,7.227460858,8.02039351,7.077836038,7.793531982,8.350388332,8.621460438,7.126690058,7.818848584,6.302894326,7.203568968,6.963938144,7.528431712,7.751266971,7.123665004,7.905497287,7.284396937,7.321805866,7.546095977,7.70966214,7.764717801,7.352342559,7.072920352,6.941231004,7.306369782,6.918560065,7.756438433,7.232642886,7.490018843,7.153550178,8.067126411,7.537799951,7.223961485,7.037439877,7.429643022,7.439576442,6.597648493,7.53197498,7.407681363,6.961054554,6.879039291,6.964413269,7.520388977,7.513641258,8.114434258,7.230871701,7.529664235,6.542480675,6.683886965,6.715750533,7.798034513
100422896_at,5.062220607,5.816702518,5.307669683,5.365671704,4.838754774,5.986675532,4.840204184,4.336446949,6.143090626,4.807208684,5.89529121,5.853728868,5.633513354,5.237697153,5.003650517,5.790234776,4.835009654,4.494372992,5.082124186,5.620236465,5.275034889,4.885688563,4.550124879,5.794722679,4.744754144,4.726190891,5.253227596,5.628376208,5.074590757,5.320374264,5.491077486,5.093524961,5.412495412,4.887509926,4.857898123,6.11846594,4.889137356,5.003788565,5.743486596,5.221733431,4.563705367,6.824813688,4.60356058,3.867563743,5.167250564,4.712105182,4.902634354,4.856661556,4.557803236,4.435568188,5.26409777
3119_at,7.935643056,7.271998751,7.449168993,7.524240549,8.158095323,7.785437394,7.698662786,7.137178863,7.484353499,8.796683433,8.291356776,8.209563677,7.386925007,7.327503596,8.077399466,7.935030144,7.617829702,8.339104574,8.157661538,8.506645599,7.827127576,7.060102954,7.638282907,8.450652752,7.664918403,7.558205909,7.491513446,8.482568308,8.114357204,7.794476301,8.487454873,7.479848001,7.555149697,7.886220537,7.647838579,7.575608376,8.489976973,8.534098022,8.339247245,8.651273961,8.917208121,8.859383945,8.789339709,9.124618779,7.982892646,8.316880475,8.367930987,9.989078067,9.730242191,7.408995713,7.384039924
441864_at,6.556423388,5.0532535,6.031691367,4.446841178,4.558461184,5.295616883,5.044638507,7.346348268,4.943503336,6.185368047,5.827741456,4.939978873,5.539740095,6.095713961,6.121056591,4.558709643,5.658118245,5.05800655,5.202140257,5.782573946,4.935309229,5.661816831,5.669151965,4.660919791,5.447553702,6.992882942,5.308896001,4.997908946,6.62387638,5.916047052,5.268772609,5.172430314,6.835817324,5.020538662,4.953967409,5.114553743,6.117448166,6.604568611,6.351648424,5.635187337,5.894757617,5.000415157,5.73443954,5.989492912,5.383905054,5.343548093,5.256696641,5.104549691,5.289673589,5.18157434,5.177585592
28720_at,11.76660763,11.83492163,12.711094,11.74661255,12.48633212,12.27003493,11.63504264,12.07239349,12.77806809,10.50505346,11.80317906,11.42553565,12.25865304,11.97992612,11.44297423,12.76146806,11.50398153,11.67158121,12.48633212,12.15055575,12.68090432,12.24120936,11.65169268,12.17393144,12.01015569,11.88892007,12.90839033,12.15535139,11.80982316,11.94956567,12.87034514,12.15846557,11.95789748,12.10004654,11.98785942,11.94948865,11.72062982,12.21416941,11.70415406,12.07409317,11.82317267,11.59063623,12.13974183,12.00181539,12.89994681,12.54756347,12.25734899,11.5516719,11.42648242,12.19890939,12.30317443
28904_at,4.076284872,3.830403417,5.533844369,4.626066948,4.226217182,5.289336046,4.590317954,4.078401584,4.901868062,4.216660474,4.276866339,4.678831925,2.955587906,4.734693724,4.323173912,4.459347133,4.187048358,3.716392206,4.514714648,4.044513736,3.771561421,4.869797345,5.136488061,4.114503908,3.533463437,4.355893632,4.477830171,4.868507076,3.509333784,4.771805472,4.926381151,5.052267698,5.593968561,4.396523951,4.48470936,4.173454148,4.725394633,4.227322772,4.436204798,4.141955347,4.25643327,4.64569472,4.529870627,4.62821044,4.355834555,4.238289282,3.887673341,4.161959106,4.397197443,3.880735889,4.615659401
107986182_at,3.780532179,3.19172912,3.624217397,2.989436734,3.697415957,3.341973301,3.917264912,2.59897332,3.299048333,3.449470703,3.151331137,3.492256423,3.983960276,4.25608087,3.784811481,3.165367452,3.329421555,3.809003838,3.200331798,3.897946391,3.295557123,3.228956998,3.68765245,3.224319564,3.337227697,3.763110823,3.048523595,3.579196409,2.937362661,3.18942634,3.349521117,3.394950126,3.192949154,3.456958108,3.461995865,3.51910774,3.787676513,3.612247313,3.924483265,3.139560767,4.157577916,3.7058355,3.37007004,3.445133041,3.110927623,3.383268131,3.562940257,3.076780283,3.96861234,3.747782927,3.696983098
100616152_at,3.462471013,4.202137673,3.51583291,3.759359162,3.686940563,4.278680105,3.93455148,3.849815816,4.016354134,4.346288707,4.088119142,4.212259785,4.359124466,4.750023887,3.741215853,3.691839029,3.846981177,4.159547318,4.985974728,3.529887515,3.852970347,4.315044323,3.828137156,4.971511977,3.995043403,3.866817557,3.678765913,3.417236285,4.092086465,3.968379498,5.168350504,4.555052776,3.68669279,3.390179215,3.749436752,3.149089164,4.080744111,4.310555537,4.3596607,4.589642049,4.648031178,3.842362969,3.200138057,3.798555596,3.489547218,4.301469474,4.338595697,4.437937871,4.697483217,4.348084748,4.691433367
105374653_at,2.97137436,2.641552205,2.527658552,3.06999034,2.699383938,4.200305356,2.622631388,3.640127605,2.460240578,3.007918609,2.908348386,5.038858956,3.182373567,3.151776027,3.074664601,3.490002786,2.47924266,2.994816207,3.410525705,2.870079416,2.669349952,2.944908169,2.739159705,2.697483981,3.407765201,2.969946765,2.967821313,2.459591049,4.74222252,3.125588632,3.165657636,3.148404679,2.813617958,3.184670732,3.421335295,3.479672423,3.238352857,2.911724326,3.271210547,3.24579122,3.588908661,3.24184681,3.502538071,3.874846964,2.783038353,3.698303035,2.812050841,3.868418313,3.858972126,3.130943117,2.76650572
938_at,6.268390839,5.519511225,5.76830091,4.84958062,4.600220911,5.462653509,5.279066204,6.299753841,5.107626293,5.728483939,4.953647418,5.015906754,5.107121957,6.02082959,6.290536976,4.958679145,5.490723736,5.250916566,5.171267589,6.044368989,4.873603222,4.969399662,5.772497151,4.694906621,5.55619776,6.13062941,5.340547086,5.356973785,6.113029303,5.677951945,5.38232292,4.903186304,6.219690099,5.082510122,5.152233315,5.918651727,4.926936094,4.930627814,5.775235868,4.429667484,4.870662781,6.098687237,5.570732862,5.976481898,5.171846352,5.740995858,5.834376669,5.834152463,5.739719646,5.525209294,5.577228029
8876_at,8.020047786,7.87627409,7.264647992,8.296298662,7.063113056,8.07214829,7.642263561,7.663972046,9.104747075,7.403036383,7.929316723,8.976337775,8.739558648,8.011550734,7.605165376,8.002844946,7.981447423,8.543714067,8.257638006,8.718661084,7.719289426,8.5049415,7.501180257,8.372396971,8.223886085,7.751785248,7.323137762,7.842897701,7.730888956,6.937672618,8.240223689,6.367377496,8.07731111,7.978617789,7.656703883,8.720329043,7.010169961,7.100026703,7.235319653,7.523098295,6.921981955,8.607951429,8.288846497,8.487139569,7.292415939,7.560704491,8.040496576,7.430382265,7.605092689,6.855435173,7.486572864
6374_at,7.157659555,7.01692469,6.050558866,5.687802265,6.409275773,6.422991144,6.515753465,6.972798402,6.642530583,6.683180493,5.811132909,6.027427329,6.28951776,6.016879949,6.515988618,6.177326478,6.652592305,6.526941447,6.313815401,6.048203175,6.742487223,7.103599499,6.850787692,6.439780581,6.348879296,6.401495946,5.447539944,6.135563193,6.046773808,6.693033136,5.848764045,6.329727994,5.674280063,6.087637206,6.72264404,6.33549452,5.904438115,5.871194964,6.154630068,6.782697004,6.097573033,5.68354908,6.403907502,7.117008088,6.110203655,6.345759531,6.308679997,6.538363929,5.72709067,7.187283229,7.096272096
107985072_at,2.944859478,3.737257377,2.99652879,3.739861656,4.684489139,3.535949445,4.322314551,4.153944579,3.098213701,4.717212644,3.068982899,2.707243977,3.20693001,4.180427212,4.983693305,2.969920042,3.753108493,5.30604257,2.850517589,2.652190473,2.895869103,2.588713662,3.610403015,2.130558672,2.281039424,2.593135245,4.275127684,4.632117226,3.88189805,3.095342938,2.07448823,2.093297278,4.721614356,3.421301244,3.64627902,3.134755916,3.270251146,3.599013746,3.114666814,3.121148818,3.786207541,3.366142063,3.457193884,3.19631173,3.137609793,3.529979076,3.090861325,3.024580881,3.293275301,3.227896044,3.151129967
393046_at,3.331177493,3.532050838,3.167991953,3.178217964,2.966829465,3.264346831,2.817372903,3.347704025,3.057613753,2.897262008,3.261423001,2.561130411,3.236160104,2.888364792,2.847863799,3.127661908,2.6709376,3.066302585,4.030201917,3.030331458,3.199269373,2.870689663,3.007573768,4.001498765,3.066231336,4.217607545,3.824376704,3.327415327,3.206712842,3.362737055,2.700912835,2.563649515,3.142933075,3.38973343,3.262721996,3.269882712,3.724923406,3.597956859,3.475941322,3.361942104,3.537751133,3.474082746,3.415627525,3.477172283,3.583692525,3.493088678,3.33405376,3.574519859,3.468481772,3.672353732,3.256718022
28710_at,8.636849268,8.436151994,9.096784262,8.692555221,9.175840217,8.846096535,8.495960213,8.855100164,8.983200553,7.578119892,8.701147111,8.150772117,8.799217226,8.480092239,8.431994366,9.151308033,8.332127548,8.136275562,9.140581742,8.513991682,8.948266749,9.100039503,8.399194401,8.743921596,8.560130003,8.525625936,9.276625359,8.671887788,8.482444909,8.901333164,9.175840217,8.928090491,8.643396972,8.081262244,8.52120941,8.228350154,7.857573152,8.544788,8.431019288,8.322221402,7.951222039,8.277375279,8.786906276,8.482259667,9.296661733,9.345892914,9.21089505,8.042672147,7.103006678,8.747059883,8.87360287
2856_at,3.700805246,2.805204749,3.004711709,3.598001205,3.148362137,3.566469192,3.106048049,3.267249486,3.108688855,3.988187276,3.971570282,3.113991485,3.108849641,4.566506693,3.973277901,3.480145724,3.283975348,3.536536394,3.042282928,3.439322438,3.475631221,3.305331078,3.060627843,3.337115206,2.856710062,3.347034147,3.118645297,3.569664042,3.705409619,3.463720745,3.297528012,3.630207853,3.285352381,3.544834422,3.623766595,3.998707151,3.620244664,3.433031601,3.539665086,3.52452726,3.663462589,3.641403872,3.677655731,3.559933537,4.002893693,3.109700359,3.495347716,3.497664245,3.763575964,3.428015481,3.487852936
101929719_at,5.150272701,2.325236338,3.233001154,3.6392907,4.572347455,5.519919705,4.440877442,5.015190894,5.314628844,3.197285054,3.853340342,3.630920381,3.742196727,3.47581836,3.451779891,4.77005574,2.965504886,4.620427079,5.610798668,4.091193828,3.893612818,3.801451467,5.084912571,2.928149915,4.155321754,3.486817957,4.904440043,4.886380902,3.995774526,3.817294369,5.666593801,4.798636581,4.787226947,4.496961689,4.321485762,4.397228115,4.379612353,4.383593815,4.336052652,4.34856189,4.383110363,4.483052638,4.272187785,4.44013343,4.513468307,4.520426081,4.348254585,4.377534667,4.371081212,4.567015572,4.487232644
101928979_at,3.39323712,3.518956909,3.371176979,3.374141004,4.182029644,3.492760766,3.486893702,5.039200075,5.794660341,2.931403799,6.343836278,2.908423861,3.839686606,4.185631075,3.021206665,2.612005252,3.875280713,3.840635023,3.491693589,3.015424029,4.190135287,2.862281684,4.429447836,4.902427873,2.933500022,3.957338561,3.977569058,3.716586116,2.582296995,2.96323096,3.86328074,3.557716584,4.529696741,3.944226247,3.749585901,3.603885781,3.691117355,3.511176589,3.215589828,3.607285092,3.543132562,3.533735189,3.375726878,3.2477837,3.262258508,3.482437628,3.48128725,3.530705799,3.305511779,3.580399852,3.477229064
2948_at,6.536657007,6.905700347,6.726854603,6.463381399,7.093010279,6.933423064,7.173759602,5.966842566,5.436825326,6.130280687,5.921680895,7.094979344,6.672415388,6.044772498,6.859508015,6.047177004,6.411815778,7.130580279,7.57146469,6.806474682,6.879881763,7.070417621,7.105150368,6.593465865,7.639937213,7.379992435,6.751413263,7.216198478,6.150290081,6.804488741,7.314658728,7.55348661,6.736584718,6.417336176,6.472158712,6.297229074,5.890171612,5.763969857,5.91321111,6.314438174,6.349787808,6.640199156,6.72791834,6.932436029,7.007373244,6.074681874,6.248402181,6.460009523,6.176511793,7.268031984,6.915873083
28797_at,7.743882032,8.083456488,7.683469654,7.461394723,7.723750837,7.999320912,7.645181261,7.229161863,7.367135137,8.114261593,7.608617876,7.258485906,7.122315729,8.315973638,7.296947249,7.704282673,8.232951893,7.510882318,7.35757785,7.754872273,7.508099005,7.71967519,7.816637432,7.19617524,6.913745857,7.373046028,7.396674828,7.527647645,7.208417091,7.087003627,7.852479736,7.530238286,7.871314478,7.687621653,7.700937776,7.103496835,7.261323192,7.546747657,7.156691483,7.912451887,7.449041572,7.182344468,6.866941731,8.131954041,7.396673138,7.160593979,7.782383255,8.094406901,8.125155194,6.903191263,6.828491138
200350_at,4.669517663,5.297705202,5.083365495,4.899639817,4.704984447,4.290614335,4.666192134,4.968140694,4.866631217,4.271139659,5.01378537,5.195314479,5.035361953,4.460777895,4.1644497,4.680469472,4.170409894,4.134587397,4.623897744,4.897295504,5.084022036,4.940310364,3.757735778,4.964555599,4.27124437,4.783482307,4.666820425,3.768639786,4.726161593,4.665372657,4.888636002,5.110597029,4.471163945,4.962028874,4.872778581,4.736616329,5.014680388,4.960237275,4.977670137,4.583118745,5.091213639,4.684737697,5.019236818,4.482100459,4.59875406,4.968020436,4.928979728,5.17199307,4.604045705,4.705489793,4.905213774
9732_at,6.77609349,7.491361657,6.869923422,6.897422803,6.753765326,7.064536841,7.149369849,7.055222501,6.866511332,7.942646281,7.1910567,7.615405329,7.250986804,7.01883676,7.031087527,6.568848166,6.870306045,7.304607892,6.512099571,7.073993756,6.987349927,7.088061983,6.831460773,7.406945474,7.434510471,6.604374352,6.822688645,7.050947513,7.00492934,6.347275504,6.613835593,6.776817841,6.941320255,6.568770306,6.923772624,7.217858095,7.357686179,7.523019966,7.889726726,6.530808382,6.764036058,7.752942438,7.15311324,6.480093068,7.795836175,6.798696371,6.470174039,7.066857761,6.744820195,6.36583684,6.480887705
28698_at,8.538147354,8.47087088,8.626050823,8.117925159,8.690912374,8.022080403,8.145739154,8.125704366,8.339498349,7.154269098,8.144829378,7.864807918,7.979744864,8.362103512,7.632201142,8.584761,7.803372827,8.314058726,8.453101212,8.267371285,8.390067156,8.678437276,7.762113566,8.428024864,8.280288143,8.074167914,8.705271496,8.305691766,7.752038248,8.559256985,8.71147297,8.487790307,8.002944529,7.989297233,7.802325449,7.878344823,7.118719149,7.685671424,7.999957165,8.180552626,8.01449374,7.859613319,8.022066622,8.033131236,8.71795989,8.173118414,8.208003001,7.867058933,7.307402669,8.781239309,8.926005708
101927546_at,6.268804063,6.425728937,6.551518648,6.858635506,7.010863122,6.351786061,7.88635273,6.635673128,6.120014193,7.417001238,6.605702079,5.913834776,7.161665459,6.802761974,6.648320127,6.697310468,6.186907007,6.383054491,7.0259112,6.380413329,6.062238054,7.425919584,7.536754098,6.17269264,6.918608208,6.581402527,6.147464017,6.280008358,6.962613584,6.40322894,6.078916026,6.303944283,6.654333861,6.232134705,6.39978593,6.078406329,6.669689063,6.703589969,6.610492855,6.349656808,6.130519842,4.995509353,5.737775897,6.361161989,6.882303998,6.63331554,6.799745117,7.760785097,7.873687746,7.104308106,6.865179852
6974_at,7.114099209,4.781217309,6.78083029,6.67188839,6.589951951,6.638603704,6.933874529,6.271120354,5.618602736,5.710017307,6.09947831,5.649937201,6.419025873,4.46338026,6.431208149,6.34495667,6.263377725,6.021874795,6.234600193,6.899309271,6.089887771,7.228789083,5.917444853,6.5786571,5.704159196,4.603758272,5.470660376,6.595014807,6.080731434,6.382467935,6.063793246,5.776922204,7.063938733,6.252402345,6.639502147,7.049853432,5.983989035,5.327141376,5.269471445,5.788646545,6.330173256,5.806804232,5.315255187,6.157588773,6.276850195,6.408418163,6.900340779,6.121101284,5.306253546,6.777900878,7.637135107
8807_at,9.107614003,9.315937044,8.459286321,9.180254945,8.974886563,8.85689226,8.99429804,8.366869786,8.755538557,8.895467114,8.482689644,8.689521202,8.502684507,8.707680896,8.921614506,8.658546168,6.890695407,8.951001842,8.661444351,9.237604564,8.511118891,9.139383515,8.877242769,8.347020825,8.823562195,8.579440427,9.067210224,7.43853708,8.902734152,9.268150524,8.423267693,7.582363588,8.926124794,8.836335048,8.687067193,9.550557234,8.74403381,8.582932877,8.96391932,8.423485085,7.996731492,9.539330529,9.063593411,9.162820805,9.551440535,8.807951317,9.104499249,8.093607482,8.222135746,8.4167104,9.116038257
2359_at,4.977839929,4.883481663,4.939842177,5.355500904,4.656060051,5.573068271,4.445576549,4.289785584,5.123840596,5.516080282,5.386267697,5.149123107,5.064498463,4.400763849,4.846248675,5.245517698,4.621412321,5.248300152,5.110295478,5.083643511,4.912232178,4.830085399,4.866475084,5.033742177,5.537186695,4.423643134,5.011630661,5.301462847,4.950137425,5.130077732,5.204583241,5.387863265,5.067574339,5.938818005,6.179663826,5.793740215,4.861722693,4.759347334,4.71752073,4.980470597,4.870453584,4.548027259,4.729378864,4.841024122,4.836237598,4.752851591,4.810402664,5.25760499,4.990576671,5.439087685,5.500086672
101927439_at,2.257722062,2.440755126,5.078132351,2.348175225,2.413333674,3.585745031,2.551337386,2.263165624,2.259251005,2.35700349,2.469876013,2.446310724,2.243531671,2.185074157,2.933470328,3.269554665,2.254221882,2.482898216,5.929588596,2.172063517,2.21445756,2.149637626,2.639776765,2.774316379,2.587542368,2.585085963,2.23775392,2.864218721,2.556035626,2.194584847,2.142795762,2.327238038,2.394718689,2.540552825,2.578469615,2.337109417,2.699408716,2.265396191,2.492011765,2.483786067,2.487564152,2.276997407,2.575385138,2.669439756,2.387637514,2.343988499,2.551868578,2.475057128,2.564820958,2.589293406,2.437977724
109616991_at,3.792879797,2.711059116,4.054873914,2.315075102,3.740145273,2.471277035,2.843757679,2.119132752,4.758884795,2.077746007,2.470043043,2.530378041,2.721761099,3.026721181,2.833639415,2.401797404,2.143875216,2.437930751,2.741927527,3.119846022,2.62208436,2.127130017,2.854448893,3.372493507,2.805127321,2.931367572,2.989600952,2.059143194,2.15401838,2.551665636,3.240429579,2.660901419,2.992880152,3.155615254,3.218288863,3.191600189,2.930729575,3.044173055,3.190594479,2.937953651,3.109870787,3.004333869,2.665087762,2.782547346,3.162539598,3.321963269,3.139811287,3.061170196,2.881239095,2.987726733,3.169185955
105369595_at,5.96054046,6.363637785,5.593205899,6.067984093,6.270071169,5.679211744,6.431493464,6.169490968,5.853771949,6.227663702,5.79559585,6.0006227,5.864126421,6.229191709,6.15434495,5.504786825,6.233434668,6.176110724,5.429985733,5.941421824,5.612545966,5.981541476,6.092183935,5.814592628,6.438001442,5.696760976,5.743981976,5.785508922,6.613759328,5.935430343,5.608421792,5.657711393,5.422464871,6.047343016,6.259094756,6.124500052,5.569280411,5.769402698,5.894193798,6.233742812,6.229320735,5.945905095,5.55534886,5.607491679,5.258710197,5.795204686,5.935229496,7.131246567,7.252744471,6.195625899,6.160536948
319101_at,5.546817574,4.699595427,4.49380666,3.649021688,3.701112507,3.219426357,4.319340335,3.816723903,5.531828828,4.058546112,4.409012901,4.857815396,4.75427843,5.418614668,3.427851252,5.052077038,4.359375839,3.535327991,4.767745281,5.631726226,4.370866977,5.372258835,4.45608025,4.910295059,5.170308959,4.988986438,5.460710639,2.857332454,4.448557179,4.28288844,5.797458934,5.461338386,4.588940723,4.566306891,4.642310782,4.44117044,4.801295317,4.744394734,4.604784727,4.792666975,5.005452074,4.892493646,4.744106038,4.767492125,4.638158368,5.046796719,4.690150077,4.679997263,4.754194171,4.853646817,4.784999625
100528032_at,6.978696669,7.051974566,6.925346924,6.628716869,7.060800749,6.540869521,6.843567632,6.860917954,7.280571414,6.860753867,7.613157742,6.761165941,7.146243874,6.796823906,6.883526274,6.44283177,6.283171909,5.879415716,7.110137307,7.641283077,6.342500137,6.382007307,6.136936513,7.134090453,6.499521187,6.920852458,6.238478477,6.8449646,6.388199697,6.697706652,6.417711271,7.070512716,7.40402843,6.956823727,6.456492184,7.087915998,7.140507081,6.200642742,6.041129284,6.821588471,6.371358132,7.033171922,6.315463947,6.305936124,7.447623156,6.183760849,6.404253055,6.998778318,6.898747187,6.399597372,7.199126353
100289635_at,4.70083193,5.422432885,5.383789218,4.745616313,4.77478714,5.062365604,4.005457189,5.560146004,5.437317875,4.733969352,4.504148961,4.20583658,4.281312889,5.037043448,4.657433696,5.333064267,4.424964257,4.299417794,5.677505997,5.198743646,4.66025501,5.197881862,5.535134287,5.290279775,5.491609529,5.485632011,4.919356313,5.26489814,5.300822201,4.275159482,5.468126079,5.208852553,5.413706158,5.329074322,5.465591256,5.24877996,5.021461105,5.509299892,5.149065203,5.150698836,4.926143761,5.861791367,5.057321473,5.325576659,5.106809709,4.950435819,5.034372436,5.055188028,4.991397769,5.350275836,5.634110933
693191_at,4.308268908,5.50313997,4.61791444,5.141184925,4.704130371,5.218721049,4.265057023,4.979205837,4.742263125,5.536160525,5.228538221,5.260639488,3.705267794,5.150434131,4.522966601,4.80781471,4.933206963,4.867867863,4.532649912,5.066361784,4.736471904,4.020443727,4.156060497,4.511470829,5.027941583,5.08053626,4.446671525,4.366511174,5.180613534,4.852220404,5.391690616,4.791796017,4.607595811,4.488171428,4.434513747,4.447184139,4.768893352,4.594066212,4.502738735,4.726962763,4.726883464,4.397949477,4.738825089,4.492248198,4.562698078,4.723421045,4.397228405,4.694781513,4.535558984,4.618704807,4.607947492
11167_at,5.560606764,5.386420496,4.777160594,4.655700571,5.070589988,4.865005601,5.370351081,4.93932144,5.110821201,6.400780818,5.041273429,4.667113716,4.88279118,5.599069026,5.455987945,5.099912123,6.388896145,5.367179344,4.54734945,4.772086816,5.848924834,5.443641149,5.240884465,4.967611718,5.389578406,5.340071701,4.397149084,4.770154766,4.885383189,5.532984213,4.957980568,5.626226917,5.20125323,4.992894577,5.13472385,4.960890279,5.176973938,5.145473287,5.313231018,5.292867263,4.945518056,4.636166729,4.828576902,4.993880587,4.912642786,5.399157885,5.227172729,5.142939497,4.96799697,5.21044688,5.078536867
977_at,7.757433922,7.310512208,7.097903421,7.387411227,7.655757803,7.347392278,6.445306581,7.595583786,7.289404915,8.139191649,7.677789712,7.646049211,7.69846679,7.711602144,7.861572166,7.839150201,8.176864068,7.768155111,7.120522256,7.531943637,7.920495199,6.935697851,6.736694096,7.500620361,7.575300659,7.541544605,7.007261209,7.170194941,7.086540915,7.173075228,7.148614254,7.246141871,7.470678283,7.459450867,7.489229643,6.944728843,7.520168237,7.462747141,7.455861334,7.343017524,7.586625714,6.513398453,7.198824658,7.280863812,6.705142032,7.471444376,7.357041572,7.865677936,7.493470682,8.080887439,7.661227477
107987207_at,5.04065486,4.389750298,4.975268453,4.524612352,4.232592495,3.883391847,4.844311358,4.768522632,5.313507089,2.595847297,5.119973722,3.565267515,4.952549833,5.249635153,2.330728724,5.426919255,3.307881874,5.198885848,4.90758621,4.638013508,4.458840826,4.799973601,3.483296228,4.817100837,4.896277649,5.432164175,4.92482941,5.46753645,3.69585772,4.923965715,5.536974352,5.068341069,4.050730083,4.317065546,5.08194084,4.002645988,4.332670518,4.480831038,4.293140386,4.830294384,4.230316235,4.893178509,4.31203463,4.507689583,5.114710663,4.481758398,5.030899791,4.401196874,3.96951758,4.814326946,5.833152977
4129_at,4.120791154,3.449547141,3.083610832,3.32021547,4.073709805,4.20501382,3.462809039,4.011409338,3.509680522,3.170594524,3.355132408,3.204057112,4.040353161,3.675477503,3.416314506,4.071203108,5.781008258,2.686416758,3.362360202,3.31429351,5.082512803,3.24848535,3.712000073,3.822242502,3.008906015,3.743963211,2.961148312,3.306705527,3.55203993,4.066944841,3.130819383,4.132927561,3.727877254,3.377555683,3.429656952,3.259517672,3.441786051,3.365410791,3.528459736,3.472128197,3.362540294,3.248070729,3.358441605,3.358826401,3.363525659,3.290206142,3.365986889,3.421964693,3.337303201,3.409077966,3.410157074
100033426_at,8.35855639,8.371274433,9.139082616,8.379214173,8.892277228,8.522177795,8.187007926,8.041415934,8.82492019,7.76001542,8.55377906,7.793338541,7.960537724,8.418321947,8.314055683,8.835316286,8.051711561,8.432175039,9.176108867,8.553107073,7.989109875,8.401717498,8.687959586,8.190116908,8.149270143,8.049628698,9.29438915,8.677290729,7.989387375,8.38361597,9.388771323,8.645809376,8.603372346,8.842645885,8.773548554,9.534306641,8.721368913,8.666956505,8.476676622,9.880105005,9.466559025,9.287401273,8.169626362,9.468518882,8.568065499,8.370345814,9.621526923,8.576866357,8.243251708,7.890250759,8.46185784
27197_at,3.204257978,3.168361554,3.340390644,3.161245068,2.850793923,2.708772743,3.136175373,3.380353945,3.522539958,2.856668949,3.02356,3.017899228,3.124415278,3.232838097,3.297291312,3.001260576,2.859786995,2.907613375,3.72652505,3.22660822,3.311113123,2.992489398,2.514550816,3.483031377,3.549389284,3.24645375,3.370800935,3.703413381,3.058044655,3.317762474,3.982133939,3.23218282,3.764960858,3.554946555,3.468724696,3.625768017,3.221451729,3.439111933,3.443452736,3.448892324,3.377256788,3.919757024,3.023673528,3.22923986,3.42691342,3.015971066,3.116677808,3.280419673,3.103691394,3.369590098,3.545187927
442361_at,3.895046531,4.009100418,3.468249853,3.963890786,5.04351425,4.526454935,4.29892724,3.687648024,3.164636061,4.673675368,2.547071401,4.354551919,4.182028317,3.466206534,5.02853393,4.018592831,3.861367317,4.864812874,3.636975426,4.396106648,3.84351887,4.589636339,4.680681671,3.975801318,3.822713229,4.616882131,4.762678164,4.82479003,3.753040063,3.670528272,3.735062457,4.065055065,4.464660817,4.122980438,4.061449698,3.771084822,4.11046351,4.349889144,4.02211547,4.073360452,4.146942977,4.061647837,4.020457271,3.992406191,4.023294336,4.289993906,4.02742521,3.712835534,4.246381962,4.107709547,3.764067321
58160_at,7.822197333,8.334375663,7.247577463,7.73011537,7.052344866,8.188164997,8.520512751,7.314356764,7.925418141,7.126932742,8.412435216,8.495061859,7.87645019,8.052394838,7.899834147,7.384209052,7.330956847,7.269222476,7.403362009,8.016530736,7.720307854,7.837135649,8.172937427,8.285737631,8.076874462,7.369926649,8.245546844,7.868815405,7.486227563,7.316228396,7.246948103,7.510318564,7.419136773,7.581683502,7.391673347,7.330741454,8.329743786,8.680695247,8.641091318,7.985558248,7.978763253,8.553277769,7.281626059,7.873307933,8.782287406,7.504299613,7.658042863,6.728211351,6.601475211,6.850137152,7.433599051
28616_at,6.871465441,6.993539082,7.547343961,6.971391744,8.134575734,8.078031478,7.881099704,6.993982416,8.123577309,5.556519485,7.009632493,7.100637819,7.679486594,7.411064965,6.92799083,7.483155136,7.394908189,7.980765348,7.821320653,7.45093789,7.754197621,6.936761353,7.193124685,7.168042198,7.750078684,7.99215993,7.813883251,7.46522806,7.238805134,7.078513595,7.93699877,7.255524544,7.809723777,7.19258756,7.00169736,7.175856665,7.420546141,7.31367126,7.034560951,7.848844389,8.382847225,7.204814062,6.520618584,6.53319984,8.038701598,6.941196392,7.079773978,6.951518594,7.247205579,7.282988183,7.31871896
119180_at,3.652549157,3.248080329,3.874667493,4.09433754,3.980896351,3.486122981,3.974715712,3.51107114,3.87304045,3.579952168,4.132584585,3.592935991,3.811159084,3.174026524,4.089293344,3.844766589,3.725219795,4.213756658,3.471843376,2.924133351,3.060018223,3.935506772,4.007271223,3.062116404,4.242351268,3.261173729,3.657457602,2.955939466,3.918227813,3.528573513,3.155166168,4.278340943,3.655349148,3.388224332,3.376603593,3.265434873,3.482037056,3.590336176,3.486886366,3.435264141,3.477897277,3.239779272,3.482750216,3.496628698,3.424532834,3.415040303,3.508323442,3.322032786,3.619909082,3.426768249,3.553417402
4048_at,9.080824095,9.232395281,9.452495889,9.135517123,8.831693676,9.409645035,8.634775645,9.376359018,9.253450341,8.912537508,9.65361548,9.422374686,8.919548412,9.565701675,9.326383963,8.972404615,8.967751174,9.524693692,9.55167134,9.446051059,9.143996019,8.969163061,9.324177376,9.64807209,9.363884735,9.108910358,9.634537714,9.70899443,9.331537009,9.351251834,9.349830862,9.077684609,9.524693692,9.356903837,9.140769948,9.497422724,9.468975526,9.558137557,9.504154181,9.617494639,9.423424951,9.400993503,9.076614845,9.14745301,9.649312962,9.151320782,9.33279495,9.461407668,9.309844926,8.887024496,9.161156709
23705_at,3.681048399,3.759139606,4.319062828,4.123296285,3.254900703,4.344405581,4.410435339,3.422701649,3.340763348,3.189932571,4.09357178,3.492697705,4.6937319,4.230879555,4.092035519,4.014206397,3.575273631,4.015249906,3.830840934,3.567539959,3.863289256,3.677472293,3.577923299,3.71431143,3.606629719,5.122856164,4.273849338,4.213643387,3.883234016,3.643171094,4.986830035,3.985022051,4.236340626,4.128144789,4.164444028,4.142121214,4.145324014,4.084184408,4.126947101,4.139950698,4.238252063,4.062902531,4.243246875,4.188161151,4.129206936,4.128892001,4.139080649,4.138824816,4.27051224,4.131660712,4.062524578
84771_at,5.771674937,5.800039669,5.464071518,5.084348762,5.908648188,5.567688037,5.901807394,6.087324447,5.664514519,4.884944892,4.631176152,5.455999707,4.777518166,5.310599153,6.358714808,5.657114628,5.084871367,5.291688029,5.707712061,5.951775974,5.363435609,5.248514083,5.449277441,5.689756486,6.513861875,6.225801392,5.358758487,4.159651816,6.31442601,5.771881967,5.795927071,5.654098968,5.271432547,5.10131184,4.964566612,4.840713144,5.653585274,5.131009016,5.347367405,6.135536833,6.137180267,5.02881768,5.607145564,5.741587188,6.098260747,5.111260462,4.96321644,5.695740417,6.183747869,6.988751918,6.893562668
26829_at,6.774612392,7.979611794,8.05067841,6.991441435,8.170978255,8.236140674,8.169393706,7.146896793,6.958575739,7.850412069,7.224891188,7.128078358,6.483010277,7.82972026,7.075125356,8.043052928,8.3654284,7.483013016,7.730070105,7.461497982,7.609794697,7.521230019,7.524361075,6.659471749,7.022978394,6.764744851,7.255249276,6.951040081,7.526429602,6.979104271,7.611685994,6.865079451,7.324254744,7.516420195,7.522647476,7.532650752,7.238456469,7.144603651,6.990496263,8.043108727,9.110324878,6.89275022,7.116681334,7.633988407,6.354221254,7.418867013,7.763889762,8.410166777,8.129809845,6.490195701,6.390851059
6285_at,6.614354969,4.306319797,6.369594131,6.411970724,5.490120643,4.704264288,6.239924111,6.19593183,5.934634476,5.904943254,5.117868173,5.096993916,5.84512576,6.197610753,5.676591693,5.94711717,4.992253786,6.039140769,5.190036473,5.654217927,5.423429197,4.235621319,5.245696402,4.933169021,4.348456591,6.311692668,5.901587456,6.98289763,6.480762363,5.768246813,6.375857858,4.499075648,4.492779647,5.754580446,6.054115779,5.881081867,5.587412192,5.373379815,5.115085273,5.630522568,5.736212487,5.367477833,5.453459877,5.510776987,5.610680785,5.426808481,5.608053744,5.368729759,5.548263574,5.539809279,5.361582134
102723724_at,2.938037097,4.611937396,3.568894323,3.116059736,2.922389556,4.006735357,3.770600489,2.750859704,3.871594442,3.320650436,2.846021772,4.51997362,3.247616042,3.214049397,4.905610082,4.133738501,3.072033438,3.855378062,2.907767819,4.162098678,4.821182472,3.617839482,4.921179605,3.79937748,3.179577233,3.057065566,4.232303195,4.297981438,4.101575445,3.173548777,3.252175385,3.122593791,3.320154054,3.395026816,3.38089887,3.414402636,3.425362963,3.448055097,3.297019888,3.457193124,3.58135021,3.552876157,3.372325195,3.284394185,3.416635067,3.385111322,3.397684582,3.42277993,3.516921642,3.375982388,3.533726206
105374366_at,4.549343292,4.942074253,5.602398886,3.886868807,5.027190283,5.039624408,5.589366618,5.135565418,5.361672166,5.097788561,5.094533296,4.401433347,5.208189758,4.524892936,5.505691143,4.342169846,4.68901067,4.906327289,5.051087835,4.997549009,4.825711727,5.561805035,5.361384446,5.364599517,5.264290753,5.317013555,4.92194844,5.362229798,4.723038065,5.011504354,6.087801299,5.111168124,4.988021134,5.023718008,4.776559757,5.148807007,4.62037977,4.767459126,4.655199218,4.336225614,4.587497101,5.68382976,5.009438972,5.360916223,5.270198197,4.545191585,4.703777754,5.044815878,4.683792711,4.921885326,4.814979638
26801_at,9.352295295,9.666262569,9.902271098,9.923134955,9.102571486,9.741692606,9.616508017,9.401173038,9.524776427,9.599859383,9.713692648,9.473172293,9.59747101,9.825159614,9.181445845,9.805449642,9.729050648,9.242104668,9.477836201,9.320218253,9.489893457,9.730712151,9.548353046,8.896722318,9.472641798,9.066186326,9.806264934,9.491411179,9.601277555,9.533229623,9.16035651,9.62820096,9.008665466,9.604995897,9.491088874,9.695019533,9.341954887,9.454404623,9.414334484,10.0483215,10.05706517,9.224193641,9.816628918,9.853816801,8.636757075,8.98231981,9.260866032,9.230871047,9.260861905,9.430456849,9.493075198
28518_at,6.664627333,6.873831636,7.283403035,7.563289167,7.793695886,8.000445727,7.474660261,6.9113416,7.318827313,6.193811471,7.107394031,7.053878652,7.65914855,6.965717727,7.318862745,7.283934877,7.168510552,6.947387524,6.817963597,7.931750073,7.283748044,7.307423414,6.746728789,7.192416957,7.439577096,6.692005802,7.475349481,7.130355115,7.275395968,7.601942197,7.467227795,7.586147097,7.855304994,7.640058065,7.45704067,8.062487928,6.143229376,6.383001914,6.362021466,6.853702914,6.728992172,6.765601661,7.16444361,7.726478729,7.178843143,6.782545951,6.976880153,6.277236359,5.922489779,6.525414513,7.050098244
101929534_at,2.945675979,2.645811514,3.221466688,2.946410204,2.70272138,2.403129593,3.761876795,4.292122305,2.612327675,2.771419228,3.387104526,2.791433566,3.241351444,2.863090497,2.719599067,2.816036735,2.804584685,2.718982111,3.021335661,3.126369699,3.012981221,3.169120068,2.857501444,4.628379097,3.273341821,4.243219404,3.111397279,2.976518351,3.05832805,3.507898955,2.925184059,3.025196746,2.807026398,3.13610347,3.144077903,3.328827781,3.319667352,3.189635981,3.200763853,3.280839241,3.348677011,3.176882894,3.235384325,3.274374272,3.259519463,3.21609781,3.209461547,3.303607049,3.201239515,3.28978369,3.093992025
917_at,9.954308493,9.320562531,10.80738305,9.795966843,10.5993391,10.20040589,10.00506263,9.977169965,10.23130904,8.893577932,9.679021458,9.128599422,10.03498293,9.871439836,9.86557735,10.51618595,9.594394451,10.20616175,10.72298322,10.56850721,10.25265146,10.6712933,9.805579268,10.35314155,9.868184881,9.887545587,10.73358097,10.06816244,9.914043871,10.33615845,10.77057852,10.57222258,10.23825008,10.5684395,10.64267207,10.58173712,9.874803205,10.12155574,9.755635045,10.39863674,10.09596351,10.10566999,10.09438086,10.4803959,10.8657841,10.48034299,10.59704951,9.641883578,9.551332754,10.16909782,10.38962519
5473_at,10.67077323,10.16582672,10.14447763,9.797171796,10.62485921,10.43394852,10.32162567,10.28188028,10.19802336,10.59371824,9.890082971,8.986239836,10.14929377,10.13802822,10.51209256,10.48686851,10.98800054,9.825271309,9.995246807,9.861647359,10.69515381,10.47270558,10.82367425,9.975421005,10.04127277,9.825956594,9.178610478,10.15952833,9.917604303,10.6327233,10.05947056,10.4882423,10.46925576,10.2104801,10.55465565,10.36011495,10.42903867,10.27993897,10.60480644,10.54988421,9.445989313,10.05079546,9.685198876,11.01635066,9.589389863,10.35847736,10.29759926,10.17302161,10.19804113,10.32174183,10.27413134
100422826_at,4.020284748,4.315160285,4.185477437,4.324173031,3.837471469,3.701903954,4.2651013,4.783893376,3.647585095,3.521563025,3.594936372,3.813999115,4.19888819,3.909242041,4.210009754,3.496281183,3.957205873,3.707429057,3.988581167,3.703006807,3.612168656,3.871128067,3.76685894,3.623956427,3.537462167,3.787953242,4.031262288,3.940377637,3.827520901,3.70583748,3.493213101,3.426578459,3.790699338,4.2599602,3.977770784,3.980992167,4.298560296,3.971690236,3.963383756,4.16702349,4.232497386,3.920484647,4.162702606,4.163346203,3.895055948,4.126311415,4.075745418,4.135526802,4.07495492,4.221554856,3.875815273
105378502_at,5.268353007,5.09509936,5.22358337,4.627888983,4.073730282,4.731461886,3.597393509,5.019568736,3.446852917,4.527927468,3.897383528,3.634045015,4.524267007,3.328193097,4.73109352,4.875086111,3.998678287,4.280120087,4.858687325,4.480502959,3.828678532,3.877370551,4.331842535,3.936720114,4.842052284,5.511561785,4.645424557,4.73629045,4.502540842,4.721470661,4.616890556,4.419018946,4.900136426,4.936517814,4.536273452,4.274566788,4.232158152,4.573228177,4.66765091,4.523356483,4.316267138,4.574718681,5.394915195,4.294620167,4.916513864,3.729576283,5.004971849,4.765722535,4.237115792,4.882817332,4.980908631
9302_at,6.492131161,6.13322693,6.782622935,6.386114918,6.680441915,6.449694848,6.456268393,6.505414791,6.485956166,5.863826275,6.296825768,6.22292783,6.35206063,6.522417901,6.252401614,6.518428945,6.25262062,6.346348622,6.626220383,6.681685335,6.518092948,6.515873488,6.471806404,6.872232596,6.417005549,6.38234825,6.745913312,6.546565603,6.198266739,6.432229819,6.526400506,6.709620809,6.481293593,6.176003182,6.679212584,7.194729035,6.999028145,7.208058918,7.402498653,7.825534614,7.335209255,8.260610321,6.174255651,7.217013046,5.849573708,6.087231093,6.952947987,6.406366114,5.668952177,6.902335947,7.680897256
105375547_at,4.814117428,5.793473974,4.359060222,4.586217266,4.962198718,4.203704435,5.613745945,5.324727511,4.955515119,5.012010356,4.915792283,3.962104844,4.915380149,4.536292201,5.493714275,5.24174465,5.393540762,5.450371005,4.87218845,5.233475207,5.299532471,4.693252431,5.235583515,4.483502754,5.700324654,5.767037502,5.586814783,5.301882534,5.081482132,4.96079072,5.073917935,4.97530576,4.084996533,4.970159962,5.069200291,5.037056494,4.148252308,4.254240039,4.63149057,5.096098696,4.923604096,5.526315207,3.998351164,4.263395254,4.836524251,5.576489684,5.098024487,5.701148748,5.079492556,5.210340276,4.686251354
5274_at,4.307331413,3.325155578,4.743660038,2.75273189,3.384173258,3.905193169,3.872214908,3.702552442,4.124061121,3.269353612,4.068916025,3.246741913,3.423613714,3.650307923,3.358013675,3.883148043,3.628162543,2.793706013,4.293883255,3.635489667,4.002148302,3.870205042,3.975838481,4.015172303,2.81069806,3.902852483,3.781576957,3.905203399,3.63499984,3.445568958,4.189198151,3.500235689,4.15103621,3.725797906,3.980292528,4.048151148,3.89186184,3.889271203,4.036973006,3.953335593,3.586426915,4.026637836,3.568768578,3.966407625,3.990662854,3.882452233,4.135235844,3.898863221,3.9378361,3.600747831,3.89256828
319139_at,5.616807883,5.378810141,4.318385025,5.922007645,5.236607889,5.576474835,4.912568478,5.164073933,5.136625153,5.776118172,5.751860943,5.736262949,5.793687937,5.682213792,5.413828233,5.492963456,5.407425396,5.393815644,4.313152501,5.827816534,5.42921088,5.180343327,5.446958593,5.86726529,5.491799896,5.524873866,5.033544818,5.215190327,5.507237138,5.413405319,5.009757572,5.434094508,5.283491923,4.886108709,4.322000554,5.792816764,5.159926834,5.032998155,5.935206161,4.563761065,5.097402277,6.253127328,5.708081625,4.160908486,5.034310797,5.760329226,4.74129094,5.887524449,4.651516163,5.596137308,5.492891476
100499484_at,5.82124178,5.719079097,6.059746799,3.690297065,5.573027219,5.777371665,5.796845522,5.557420245,6.131525141,5.972207434,5.923385096,4.178381837,5.683101864,5.85447254,4.713243195,5.892400442,6.025188482,4.803769603,5.900606349,6.1127847,5.876075685,5.955265082,4.858273217,6.314485712,3.143458762,6.14135017,6.319310378,5.656374758,5.482877225,5.862891844,5.965536939,5.297142545,6.264355917,5.448800276,5.574189615,5.893405012,5.555528442,5.529970231,5.575056335,5.58883507,5.889960148,5.664148874,5.902448248,5.37327608,6.236712048,5.695703791,5.69080569,5.65594953,5.558554847,5.273365361,5.577307808
677806_at,7.666740537,9.070434646,9.181613957,8.318320218,8.569970956,9.200687,8.733590153,8.50080406,8.755174034,8.572024887,8.749458826,8.774781856,8.106639864,8.660498154,8.313791101,9.075596306,8.380065674,7.873625339,8.441595681,7.982579926,7.989162971,8.283181845,8.26749554,7.454743367,8.199837852,8.460083031,8.865062202,8.095590324,8.754962344,8.292503826,8.487396866,8.188324871,8.152059177,8.254411496,8.004487268,8.796404353,8.361333937,8.345080721,8.194087423,8.629401335,8.944829723,9.072972205,7.777087723,8.334034387,7.965253506,8.073586541,8.934625822,8.307823315,8.316548022,7.767340844,7.80621355
6884_at,4.945825689,2.025072072,4.82534331,3.41394364,3.838655822,4.891573591,4.220738081,3.091842973,4.635032761,4.01029696,4.087044213,3.800599613,3.540795052,4.268590667,4.432066466,4.550890791,4.770311437,2.667306875,3.416074866,4.547925554,4.224031821,4.824069632,4.289324535,4.818477769,4.114656643,4.337433134,4.487452776,4.17036096,4.043583848,5.0294529,5.000978962,4.602385493,4.568112722,4.423187303,4.392845402,4.502257715,4.127404892,4.50622207,4.289843521,4.419260954,4.285275845,4.867589951,4.239756092,4.490112667,4.50610916,4.430464937,4.421236918,4.266902927,4.234361449,4.176467963,4.40809635
107983976_at,2.884105916,2.335893109,4.268200731,3.235463021,2.755572442,3.563238415,3.512493464,2.475891577,2.723363689,3.973243835,4.243046108,2.521513118,2.641034971,3.072568262,3.013466291,3.878567008,4.269250783,2.922119493,2.441371609,2.357974323,2.951321066,2.576622934,3.132019509,2.696423859,2.624044824,4.65260228,2.890487792,2.393445389,2.6378903,2.829326861,2.760056898,3.413649393,2.673191735,2.867444041,2.931644003,2.884783482,3.310602177,2.786483376,3.314535987,2.831961591,2.811180281,2.873704009,2.643431394,3.159487215,2.979568588,3.046653293,2.972503021,2.787687927,3.067169748,3.049544618,2.83785476
341276_at,3.549757323,3.945036016,3.224495244,3.672715949,3.325473246,4.048421877,3.628568907,3.79132008,4.312422972,3.167816311,3.789675483,2.911856076,3.850842847,3.420859749,4.149364389,3.103230563,3.938214763,2.932471271,4.813691412,2.844791741,2.770438021,2.645736749,5.102472889,4.700532001,3.685999279,3.618730782,4.194584239,3.613183239,3.364516491,3.246972429,4.094801571,3.068268847,3.266115235,3.610148634,3.545215155,3.402773965,3.730870955,3.579294944,3.297695769,3.66061509,3.788176784,3.550983946,3.927956325,3.626730406,3.509866381,3.539747214,3.443316391,3.567732153,3.446115872,3.324442398,3.473740557
28719_at,9.882761917,9.622379142,10.21104833,9.440400897,10.23498534,10.21159834,9.632149714,9.900829225,10.23401903,8.565525754,9.695458961,9.341577269,9.877620879,9.943752574,9.508729256,10.34670806,9.522374018,9.789014179,10.32351004,9.895687516,10.24654052,10.06104829,9.720220281,9.823415169,9.803124735,9.632149714,10.58896687,9.791857131,9.678194558,9.890463555,10.65925023,9.962340074,9.546752673,9.900243946,9.768807051,9.711387955,9.220793549,9.919182528,9.538444154,9.893652123,9.589120736,9.238114689,9.698062676,10.03862297,10.65050734,10.38636891,10.22892787,9.35145515,9.07846429,9.748205918,10.10795896
643161_at,5.490891437,5.127059768,6.174868393,5.49677837,5.085894669,6.17275656,6.37008292,6.989352812,6.308335485,6.297402078,6.224892313,5.468956894,6.3631331,6.693787405,5.72907649,6.50382302,6.294134509,5.809030871,5.538332386,5.920152526,6.152215438,6.186353316,6.761128154,5.761668679,6.405540603,6.174654103,6.377728261,6.034284705,6.962382232,6.269653398,6.469760542,6.16174642,6.320726781,6.332517639,6.072437319,5.923387375,6.305630037,6.155492259,6.186547829,6.320256714,6.300031907,5.491135479,6.757881256,6.652566309,5.962781292,6.54695842,6.514357732,6.392294968,7.011858604,6.468491028,5.8783373
28601_at,7.333499307,6.923218754,7.486621491,6.933073326,7.444730444,6.806847916,6.638662814,6.889579782,7.229066798,6.209978954,6.981826642,6.659325788,7.199435222,7.597048573,7.238204931,7.625661855,7.061958634,6.787644397,7.452306342,7.037338024,7.099940098,7.147157687,6.86254626,7.023230766,6.51151038,7.298651697,6.992945638,6.996601441,7.391872589,7.365696844,7.353404859,7.304905109,6.887472092,6.893070496,7.061966409,6.985232546,6.943724188,6.689248207,6.978956791,7.646903303,7.488731085,7.002532391,7.039078605,7.045670644,7.347518388,7.318762939,7.362406535,6.993981604,6.481026914,7.122230117,7.424434235
6543_at,9.012000767,4.956673405,4.747729883,4.947642865,5.591186331,5.102890825,5.222428569,4.618258209,8.366355266,5.202951828,5.031175406,5.470309346,4.945745401,5.121411424,5.288327051,5.119360962,5.036822348,5.028791347,4.938137513,5.046726859,5.181496603,5.16112685,5.141191254,5.248144462,5.124955256,4.954185156,5.004275546,5.07305533,5.191409511,4.84000625,4.63024505,5.181297306,5.333339548,4.98872424,4.964710283,4.943331193,5.163911563,5.275741336,5.224352061,5.082799335,5.24231593,4.923877692,5.16388753,5.171875799,4.934655573,5.239973056,5.097384744,5.203028479,5.171943233,5.178874516,5.058530282
379006_at,3.704305477,3.935896885,2.749776282,4.02205575,4.25695022,3.979013199,2.452747982,2.894989732,2.883662092,3.423663468,4.440102622,3.947797398,2.720771327,3.912426799,3.831161471,3.343705831,4.44804382,4.225760191,2.356231772,3.578578556,4.057437572,3.212986826,4.705913853,2.870154597,3.344188488,4.010079569,4.069805018,4.589999167,3.549348062,3.373332247,3.382821415,4.106538047,4.135130901,3.394929862,3.683888054,3.398805698,3.892734979,3.555053482,4.079938998,3.84574054,3.506515103,3.298459664,3.711641705,3.333217045,3.432682984,4.042143241,3.552683617,3.36976716,3.723949798,3.840923542,3.874957702
101928635_at,5.587114319,6.487849983,5.593170732,5.339514478,5.352744372,5.718578613,5.979050711,5.204883706,5.697640362,5.794213019,6.397813966,6.789367952,5.402265338,6.315625406,4.876763991,4.68716932,5.548652481,5.568003301,4.968369813,5.138429809,4.99866267,5.919675084,5.745578798,5.801618161,5.598971323,5.456584772,5.286264741,5.397952982,5.932618019,5.465593391,4.686037849,5.221736885,4.951827808,4.806885013,4.916686345,5.314473837,5.68840304,5.584385748,5.890890688,5.092330423,5.065547839,5.142144065,5.21608566,4.620216941,5.718095375,4.872308905,4.467946208,5.207932342,5.406801567,5.142665342,5.106765328
221711_at,3.057679943,2.716618436,2.633259388,2.787415014,3.115690716,2.739539422,2.795739913,3.133525654,2.73251266,2.750950675,2.741454649,2.570755917,2.602376467,2.711628796,3.112663373,2.726490201,2.782220757,2.992080451,3.548868506,3.383558245,3.857302253,2.730426333,2.795407494,2.551755127,2.927851891,2.64030393,3.033484657,3.741869606,2.701430899,2.705410731,2.986134935,2.752906162,2.855433483,3.128599658,3.16179814,3.049783052,3.050741122,3.092155908,3.142001691,3.390979243,3.22925528,3.101582036,3.03231873,2.989871221,3.033104433,3.047207041,3.041357008,3.250749242,3.192995533,3.178843778,3.200817777
