,GSM1437810,GSM1437857,GSM1437861,GSM1437880,GSM1437888,GSM1437943,GSM1437978,GSM1437980,GSM1438052,GSM1438056,GSM1438072,GSM1438078,GSM1438096,GSM1438108,Tarca_205_P3E02,Tarca_203_P3C02,Tarca_742_P8F09,Tarca_765_P8E12,Tarca_739_P8C09,Tarca_107_P2C02,Tarca_128_P2H04,Tarca_106_P2B02,Tarca_271_P3G10,Tarca_269_P3E10,Tarca_600_P7H03,Tarca_597_P7E03,Tarca_492_P6D02,Tarca_920_P10H07,Tarca_919_P10G07,Tarca_918_P10F07
28475_at,5.320580178,6.910995319,11.55757696,6.925593042,7.508270811,6.347587086,11.67627121,6.525020839,6.413296927,6.908021789,6.826978634,11.4410937,6.545753735,6.908656353,8.997976761,8.657484192,8.565218832,8.419366448,8.061248842,8.390134539,8.350620814,9.6529653,8.843944,7.929534833,8.695603754,10.01707848,7.105971139,7.58597328,7.799787434,7.681523744
102724528_at,8.698207919,4.814143246,8.480379909,4.976104971,8.163848514,7.850356551,6.474342911,7.191169325,7.476704941,5.282204768,7.03265074,4.843212996,6.981865693,8.821160404,6.847696508,6.002179908,3.890310064,3.995880136,3.94681791,6.166029304,7.282777093,8.832579543,6.096140919,6.864961113,5.454577012,6.248400782,7.109881056,3.628217894,3.685197931,3.419489486
647859_at,8.215296023,8.487085456,3.862370685,6.509628516,7.495368977,6.777781277,7.777715315,7.621567198,7.230369451,6.641022962,7.029820754,6.630187802,7.211761346,6.305778185,5.835719341,6.172082919,6.501989059,6.776049446,6.783718208,5.730282966,7.466929744,5.579716288,4.628428968,3.248127558,6.255592151,5.688150973,5.568739707,9.316685048,9.319096288,9.198410745
3050_at,7.269397191,2.611050837,4.486770689,5.289703153,5.496154729,4.033550451,4.718108626,3.808583106,4.407193863,5.844264117,3.758190943,3.827946276,3.489907366,4.571052602,5.52119038,4.832336799,4.809514038,4.747801052,4.73360665,3.27902772,3.90959372,10.0241624,6.818216487,6.312721688,3.021181395,3.215884565,4.712188211,2.979576564,3.390498807,2.766608575
100287029_at,8.297074658,5.672135833,7.1335952,5.7615792,9.161755407,7.409556261,9.156967483,7.861631743,7.13720432,8.817084916,8.720141476,5.398092547,7.670198495,8.587678257,8.588222145,9.107184764,7.966400371,8.32080874,8.454941127,8.446903189,8.353812,7.637862551,7.604972647,6.763569,8.082285713,9.104897503,6.385766039,9.38487345,9.029145006,9.690358925
3429_at,5.719212954,5.046439225,5.338361322,5.899645538,5.347040921,5.961802325,9.174315431,4.588158142,5.169728023,7.062506805,6.785993268,6.507966418,5.37879742,6.584868274,6.163067196,6.079491316,6.135538971,5.341912175,5.499382953,8.893497356,4.856066902,7.164915597,7.396068161,7.262986129,8.941105077,9.50493148,6.778535383,5.067450498,5.487132763,5.285051053
100049587_at,9.371541896,8.684844335,5.443465144,8.659533439,8.95454163,9.341454921,9.4555126,9.552108852,3.993740707,3.736362205,9.630411082,8.889287378,9.301804625,9.237541034,9.62696321,9.412125759,9.218855311,9.239469211,9.437594073,8.929049689,8.559238082,9.313259793,5.082523516,5.088437194,9.411119188,9.096984771,9.172143807,9.489011266,9.514962465,9.25284762
100288486_at,7.982375271,7.642335176,7.418950348,7.105572789,8.436772488,7.687860281,8.372654704,7.893273154,7.349815365,8.659117611,8.640176722,7.513063992,7.216328379,8.218506515,8.215594452,9.077323398,8.278429044,8.331936343,8.579191594,8.461598359,8.778609521,7.867009961,7.875470457,7.726803168,8.666269705,8.691127061,6.640463044,9.750084868,9.627330735,9.52354892
10964_at,7.888167915,7.47987121,8.17099162,8.294135963,7.956352147,8.821268565,9.833204029,7.082522962,7.577139805,7.826044984,7.518040239,8.525082232,9.395706412,8.155615675,7.384814591,7.388590705,7.660358191,7.481436717,7.47890139,10.78805197,7.507077332,7.798216771,8.36333069,8.399852682,11.48804953,11.65021239,8.732873976,7.459099995,7.151390984,7.363432945
84771_at,5.3176926,5.724075021,5.494663706,5.003744555,6.146404782,5.659188377,5.796269001,5.741916889,5.710321047,6.361101936,5.77380576,5.664264366,5.667068991,6.172462046,6.40340326,6.896845302,5.485911121,5.395397347,5.724774237,5.877380015,5.778398647,5.154965149,5.452719906,5.24201823,5.863422602,6.324132527,5.042412307,6.382019592,5.923311336,5.689979615
440742_at,4.098267996,4.122744788,5.516536374,4.116509544,4.691106569,5.321166272,4.72838501,4.791112812,4.148962925,2.864082176,4.117483156,4.611144924,3.077583241,3.448181941,4.494732723,3.939017086,4.008064946,3.926728428,3.955334717,3.944187413,3.902597775,3.846071113,3.802584872,4.151860736,4.120794982,4.016928846,3.703435197,3.703619877,4.3316735,3.67871617
51191_at,7.6457313,7.331460153,7.126206753,7.119886393,7.708690785,7.513264464,8.666225555,6.642123721,6.863080367,7.102287934,7.396845946,7.59517478,7.865044418,7.703436649,7.334892549,7.288369558,7.281276415,7.349870366,7.418263498,9.377928725,7.220929892,7.027137237,7.441756778,7.878489751,10.28163561,10.05648446,7.779388464,6.890642549,6.715954068,6.897675569
28500_at,2.804286006,2.673473973,2.699758959,4.698805101,1.584029396,1.922854523,2.06426652,3.933794376,4.905811824,3.109186766,3.576018331,1.528342928,3.186838725,2.946431742,3.751957466,3.529495919,3.478545959,3.417595394,3.405709267,3.197772444,3.746259357,3.202475119,3.628070279,3.344265771,3.660535034,3.393274923,3.106388115,3.498181661,3.291092129,3.849299171
100616152_at,4.746683906,3.780223551,3.631692573,4.31470988,4.444920825,4.381421669,3.818481041,3.973211174,3.939193671,3.843877048,3.753390958,4.463291952,3.683242336,4.010554031,3.965094728,3.503378696,3.785300853,3.656441697,3.602474054,4.687291638,5.580824841,3.098168843,3.342003237,3.595200288,3.643073621,3.778064951,4.747443634,3.407123579,3.485833126,3.4394581
193629_at,7.065838066,6.429848746,5.705346467,6.836848628,7.273727452,5.517233586,5.832744123,6.458694437,5.605164081,6.242566781,4.832509892,6.510642221,5.031524288,5.798285166,5.861764643,5.568505354,6.169275679,6.344332375,6.291302086,5.859483709,4.632686832,5.278071334,5.381993049,5.363441963,8.095569328,8.513531889,7.695407628,6.287391345,6.242485434,6.312427792
140_at,5.266395445,5.75763524,5.746758129,6.508267126,5.00950801,6.432660399,5.504725247,5.273690978,5.212351474,6.124276285,5.766629483,5.302998032,6.637064092,6.279462624,5.115850882,5.164238485,6.030674308,5.724257528,6.200220688,6.132879023,5.037446578,4.738668382,6.268910348,6.191465488,7.056598947,6.890978482,6.084867954,5.536298191,5.654652113,6.098166281
105369725_at,7.364069776,7.229780393,8.316186136,7.329382908,7.548368771,7.389515537,7.416247955,7.123052838,7.451886121,7.263190078,7.328599136,7.020987724,7.199058861,7.320929481,7.771632181,8.326897605,7.532471128,7.787757488,7.992988725,7.129685309,6.875984729,7.21312552,7.337293501,7.677653371,7.115545806,7.073792147,7.82447175,7.734252225,7.714481839,7.662179496
1116_at,9.1319252,9.689453061,9.108640555,8.769157266,7.252772737,8.496569457,8.674384431,9.050174689,7.77918873,7.97137585,9.252566875,9.6969734,8.860016415,9.394050222,8.935895856,8.81894293,8.334563086,8.4769672,8.311787118,9.915793427,8.62180922,7.623899814,7.893848693,7.893580343,8.651011637,8.520767411,8.334019276,10.27603308,10.09848054,10.1053916
285505_at,5.888391763,5.396300416,6.06752116,6.199215601,5.382639747,6.591345655,6.715305085,6.262983001,5.427624693,5.731867413,5.614663793,6.158397872,6.059801092,5.570311189,6.839068198,6.788178645,6.131030102,6.047003219,6.110608043,5.537222301,4.876849459,5.771183731,6.848426789,6.516443947,5.707514766,5.816346686,6.117333095,6.180899241,6.144273156,5.960839837
81466_at,3.330539675,4.971954041,3.333308162,2.38410095,3.211264911,2.94863687,4.746957698,3.028073519,3.663788007,3.058572258,4.729042303,2.88574173,4.714609875,3.458524634,4.183063615,3.937471547,3.795409934,4.284864039,4.081370148,3.704615383,4.369364526,3.942495833,4.10634894,4.157471317,3.975654688,3.944302398,3.812505142,3.851140876,4.392181592,3.533405924
105373206_at,4.501348471,3.715114973,2.909804323,3.278094959,2.460647474,2.741130931,2.765090443,1.851371106,2.99711688,2.597500293,3.492559741,3.403563676,2.752455568,2.571984677,3.398661359,4.294114591,3.512936248,3.036033743,3.408990028,3.219267855,3.669915263,3.011881777,3.14856982,3.451981392,3.519366929,3.167335283,3.802728556,3.371947864,3.655464655,3.508573223
1556_at,3.155590549,4.014114144,3.443338689,4.112889561,3.260371368,3.115387755,3.361024574,3.880031754,2.696914995,2.991967865,4.206961392,3.108999801,3.213081684,4.859312062,3.95935497,4.011381027,4.036294286,3.985330183,3.903346819,3.880377421,3.643232076,3.913008717,4.052347945,4.084368254,4.073709769,3.890793367,3.846470639,4.100798894,3.86651046,3.820980653
100132932_at,3.670010422,3.831169357,4.685765401,4.376608365,4.12554289,4.637091771,4.304585421,3.130808514,4.096183143,4.239286166,4.640229312,4.670231518,4.355633118,4.73880678,4.690975901,3.819203826,4.172767322,4.400413258,4.631311882,4.855862613,4.033101851,3.90974796,4.613970799,3.888768499,4.176663949,4.083964916,4.306864186,4.07013709,3.700007451,4.544070627
100147823_at,2.053032114,3.114274463,2.157134162,2.469293787,2.38812898,2.055402556,2.339734737,2.229219155,2.352198369,1.985420367,3.015226299,1.914673438,2.409884763,2.415641646,2.436706653,3.177802459,2.094107385,2.262344025,3.365747001,2.394984006,2.440877374,3.115031073,2.146021296,2.674941811,2.196571079,2.674319973,2.607651283,2.350094472,2.622381842,2.505924879
100616313_at,4.682568833,5.521422756,5.506938969,4.687066973,4.71495808,5.635378695,5.254729846,5.0403457,5.089790842,5.249334078,4.939118898,4.783611626,5.007331754,5.654136384,5.449481754,5.450612193,5.533758835,5.153751338,5.172146528,5.086113915,5.45277681,5.348570744,5.534635805,5.20700014,5.573608741,5.33916551,4.974101512,5.601039746,6.002463115,5.697195524
6347_at,4.957252002,3.914102514,4.344477802,5.658661358,4.853997625,5.181382122,5.718973929,4.631159003,5.161794785,5.173083588,4.712303526,5.020665284,6.101402964,5.691144449,4.650050071,4.543910136,4.626251903,4.502140403,4.675145003,4.828032555,4.352152351,4.421214332,4.674807746,4.809898435,4.959462974,4.890852857,4.778390407,4.631470442,5.01095827,4.649924031
820_at,5.3651122,6.086618296,5.303267364,6.096013537,5.000360349,5.052740903,4.205390144,4.992759954,4.818346603,6.028754071,6.067618658,6.839681834,4.979961271,5.207534307,5.647325049,5.168259128,5.851578579,5.422622354,5.833477095,4.640005114,4.349343463,5.991428789,4.820118984,4.84885603,5.693738503,6.189787159,5.757862279,4.91063899,4.803932841,4.968985171
28520_at,7.061882431,6.860271095,6.833519633,7.251444396,6.675604052,6.656019441,7.318852153,6.914006409,7.106081113,7.141993615,6.727052462,7.019707222,6.843555224,7.430955416,6.102903138,6.369345791,6.161966536,5.906587604,6.627965806,6.431287545,7.44306611,6.747368487,6.469955129,7.076944039,6.852094621,6.950905179,7.287806961,6.573401289,6.73054649,6.546571273
28935_at,8.009934787,8.763396583,8.227877295,8.757745465,9.246943525,8.170235727,8.638590656,8.6279131,8.594945495,8.36812325,9.277226567,7.597780263,8.406085072,8.129969751,8.245133827,8.435208014,6.686261469,7.356967056,7.685825286,9.003861158,8.623393068,8.28208731,8.83119185,7.681336179,9.16092257,9.89328206,8.941528593,7.848392493,8.005204682,7.314536036
9732_at,7.317044788,7.230328528,6.929619867,6.953716765,7.215407278,6.554616633,6.880806459,6.809372498,6.734337431,6.716497195,7.217412277,7.022030916,6.602920724,7.02575086,7.289831746,7.115058551,7.194280622,7.229070679,7.13812504,6.909355008,6.157173918,6.768942786,7.626944913,7.842760763,7.150628878,6.971255007,6.860515756,7.391305506,7.102357517,7.513974829
105376505_at,6.22894945,6.743658688,6.153099532,6.686722414,5.645598164,6.300691286,6.639951113,6.4829333,6.386532777,6.280295882,6.844781433,6.197164479,6.383383787,6.228249677,5.795396395,6.166220372,6.869698557,6.922201668,7.061053361,6.544945839,5.574597185,6.451053054,6.32737381,6.575068972,6.293793587,5.858921449,6.335223657,6.678137,6.548133972,7.006956404
259215_at,7.110680001,6.918833078,6.115487012,7.372872591,7.520936416,6.712364724,7.219619448,6.591727442,5.836904178,8.075551553,7.521808576,7.121023344,5.707141265,7.934331966,7.62011587,7.968172819,6.282900858,6.554082719,6.821511968,6.316890343,6.444453486,6.79973845,7.081969759,6.882093384,7.543001118,7.704638179,6.819865476,6.926032105,6.973843573,6.729893819
677794_at,2.880131291,5.420877452,2.590311367,2.762482521,3.792286675,2.706688955,3.414534971,3.56448307,3.980474994,3.133875333,4.378271969,3.832001989,4.288916695,3.17332748,3.468766803,3.674593827,3.535594432,3.846253268,3.88499673,3.610808568,3.856349334,3.591197464,3.747278015,3.614929428,3.594860953,3.706814946,4.353509855,4.133921001,3.641521534,3.658118541
6983_at,8.728690046,8.287637659,8.055378892,8.700564169,8.882146996,8.299069506,8.920192059,8.567982234,8.609333448,8.282658525,7.897759572,9.333121602,8.394519267,9.048356771,6.842139824,7.105611696,7.918681315,8.377707441,8.096568896,8.473707031,8.382738239,8.006928824,9.308384672,9.190132001,8.792843685,8.295845896,9.555187361,8.204618608,7.729923292,8.144607079
28521_at,7.356266415,7.057661301,7.310200253,7.377381055,7.390625842,7.500942311,7.737688825,7.460709126,7.362778899,7.765527271,7.181691588,7.30780085,7.471920769,7.572893975,6.839214502,6.308598899,6.431925825,6.755079771,6.172223328,6.958721146,8.064562404,7.528805482,7.546064923,7.618170736,7.055232446,7.302449555,9.500035598,7.514517759,5.456177046,7.632709034
28409_at,4.391511084,5.557643527,4.870470003,4.398104632,4.554185352,4.11442645,4.868784188,5.073446736,4.57004468,5.186842271,4.533294474,4.60072,5.587387359,3.011998724,4.862361885,4.766488761,4.51184693,4.690602612,5.15473056,5.1539857,4.627893072,5.403688549,5.523754516,4.832475047,5.493371084,5.597385337,4.956905301,5.240360232,4.787937657,4.84615204
6283_at,9.541770192,10.32417579,11.02039345,10.61919222,10.10783704,9.886419773,8.65187289,10.39788284,9.685254364,10.43265769,10.59732051,10.30240427,10.16034907,9.930540504,9.759893719,9.371074907,10.26230239,9.302006486,10.134623,9.890315569,9.061428089,10.42043824,9.941682383,10.2356931,9.284121926,10.34916778,10.7002772,9.270320843,9.568299555,9.920915957
5742_at,7.444612882,7.187780431,6.641729603,7.57549516,7.609442185,7.105269292,7.712468202,7.093080843,6.255797183,7.912702948,7.81710651,7.529226981,6.668725752,8.04787602,7.574533628,8.262766579,6.979674541,6.78345242,7.15176316,6.820703522,6.903248348,7.11723575,7.633563522,7.607067347,7.312058397,7.372754841,7.505632737,7.540645747,7.484149152,7.321720103
3001_at,7.643224755,8.107309065,8.151725966,7.639005948,8.728441027,7.901931799,7.633065594,7.912521489,8.165646416,8.172625134,7.459191287,7.897217402,9.428950448,7.457086335,6.469912431,6.817232582,7.12379285,7.212500773,7.262758326,8.606193456,7.783701676,8.069924152,8.175236752,8.547455615,7.315738608,7.833071272,9.528099935,7.123750978,6.939331618,7.359910413
644165_at,4.337197423,5.164866104,5.616882487,5.463053528,5.28989579,5.929089897,5.441316667,4.840324389,5.769196971,4.501545661,6.340020527,4.58558954,5.32992597,4.572737648,5.058627448,4.724378262,5.007139875,5.004602245,5.231454575,4.592860524,4.725130009,4.701288487,4.923000253,5.161568204,4.896504202,5.037893713,4.579305814,4.819036628,4.832476511,5.039225595
93978_at,5.374997964,4.992139701,6.266721282,6.11139412,5.475872585,5.96483972,5.181447762,4.899273517,5.523161671,5.475367485,4.804728988,5.599052096,6.045555425,4.770096277,4.941193036,5.164010297,5.732134576,5.583622083,5.560936017,5.030827411,4.497658961,4.813818454,5.009769275,5.326609181,5.285737219,5.460668295,4.799955681,5.663137949,5.637438926,5.769098808
115352_at,8.431874256,8.097031143,7.892452901,8.281648347,7.939958683,8.16212335,8.739624779,8.567695789,8.67333241,8.234814021,7.489267849,7.817480252,9.093928899,7.591546816,8.301033497,8.208821105,7.18317004,7.795101975,7.60534422,8.067858869,8.962423909,8.095942773,7.97828846,8.180096562,7.775929637,7.683831805,8.928322076,7.785191463,7.528951995,7.541784658
105371295_at,5.858665356,4.172709328,5.491054021,4.436859788,4.812695913,5.285940048,4.322836452,3.821736618,5.093891182,4.008440306,4.589689212,3.993587031,4.6013503,4.547438052,4.587544654,4.570473083,4.754793306,4.866595511,4.91603271,4.661031049,4.272970714,4.487950506,4.381080859,4.386717468,4.49352413,4.831774008,3.948855191,4.387109522,4.586638944,4.753453993
221806_at,3.566409954,4.155735598,3.81722352,3.948520044,2.909258296,3.691077269,3.605625988,4.166654494,3.859260782,3.968946905,3.23137051,4.302498685,3.892880478,3.667449138,3.763249665,3.740409582,3.731933736,3.808653897,3.843337871,3.769819869,3.833758687,3.891731147,3.744309063,3.840753112,3.894808092,3.89246664,4.054042005,3.933421572,3.872916507,3.823299303
83700_at,7.100656728,7.064595386,6.291947711,7.19900812,7.325261338,6.543872027,6.756885219,6.646029265,6.286742637,7.28631524,7.24911363,6.794115612,6.207455526,7.967010474,6.699365168,7.423373637,6.334074589,6.168829924,6.51757731,6.204877395,7.209285765,6.720551281,7.06353592,7.255691047,6.823192414,6.658541273,6.721710973,6.799302167,6.770343266,6.685012582
389740_at,3.820128981,4.911867322,4.459079421,4.961761379,4.830667117,5.012290702,3.485440601,4.080426515,3.816521888,3.844961808,3.497430933,4.71038173,3.999047766,4.532467692,4.029363921,4.236029506,4.003882709,3.984777318,4.017241165,4.145190847,4.007359199,3.947412559,3.580815141,4.196726885,4.444506351,3.854148683,4.869719442,4.037315359,4.501824337,3.523827097
4939_at,8.820213824,8.613372958,8.395871123,8.672335763,9.00363708,8.977183181,10.40348138,8.897815107,8.885920419,8.423617363,8.606868253,8.96197447,9.291847372,8.908861724,8.817364754,8.999488044,8.755011426,8.810757876,8.860460913,10.3483491,8.967802045,9.178682901,9.327963949,9.233555135,10.85853462,10.56719,8.858679622,9.043584032,8.840832268,8.798835048
59340_at,4.685648411,5.720486863,5.251097634,5.949187715,4.765710963,5.74417527,4.681623343,4.480510116,4.637152179,5.739299658,5.300262635,5.058332388,5.658879861,5.926470811,4.693780686,4.886984195,5.145385813,5.129595728,5.139388484,5.636835992,5.495595188,4.627041683,4.922050564,5.48336771,5.737561881,5.672117482,6.330613985,5.037036172,5.029123937,5.198530985
112268312_at,4.182264521,4.724527372,3.702402757,4.748525177,4.303497584,3.374876798,4.317537878,3.913677692,4.430414371,4.621950419,4.102373273,3.187562657,4.480706091,4.529108214,4.011136776,3.879929933,3.840432773,3.843695103,3.647564886,3.473848681,3.872408981,4.506911334,3.864563067,4.242113258,3.391571671,3.832245322,4.203841122,3.814389787,3.879702036,3.680109433
64127_at,7.171657205,7.01318048,7.238034977,8.422988674,8.398888743,8.017684322,8.183471725,7.455153713,7.875400213,7.652743667,8.260525271,7.220193858,7.492123997,7.913644714,8.103419623,8.140927904,8.346693592,8.299409516,8.446442368,7.708125109,6.494410135,8.169890433,8.148825706,8.192727226,8.322445086,8.312260889,7.440782105,7.98207745,8.116324786,7.835968777
2815_at,5.972110639,5.557631729,5.271627625,5.660990692,5.96644136,5.533197465,5.869933563,5.38745075,4.917930197,6.128468804,5.970580147,5.594447536,5.128798729,6.067400645,5.651420412,5.828484591,5.287920653,5.493643891,5.070628395,5.263068634,5.337197065,5.351793995,5.647555861,5.541906445,5.353765349,5.551973857,5.883634692,5.797397596,5.661137823,5.53998979
107987136_at,5.857771886,6.046790157,5.929991706,6.497185013,6.488466123,5.805317357,6.145228768,5.823329392,5.038898057,6.481450426,6.196140031,5.908881844,5.603388304,6.026510637,5.226661863,5.669837205,5.515703189,5.720229253,6.128996174,6.519373413,5.898204643,5.520155043,5.224075464,5.127879572,5.802481948,5.877759313,7.284277412,6.151241182,6.991936854,6.215408166
6228_at,7.577899284,7.709053508,6.96960105,8.06122162,7.388265169,7.817467826,7.594307781,8.221777262,8.030181244,7.796324074,7.830702876,7.952473796,7.302947058,8.018919294,6.571227471,6.384065609,7.971645087,8.084825872,8.041289725,7.744146489,8.277873947,8.408713088,8.178494033,8.476155025,6.82269897,7.1321373,7.709653629,7.589282658,7.645152735,7.660959337
105374264_at,6.285533079,5.662178262,5.744421185,5.527492414,4.843174952,6.033638522,6.090951046,5.583912079,5.579431178,5.453026074,5.809836179,5.398658725,5.409828814,5.499964483,5.647112517,5.239401045,4.911633738,5.251620378,5.012644683,4.681865139,5.636509949,6.612171649,5.416409929,5.374970005,5.292295763,5.287311597,6.922736382,5.794034286,6.117161087,5.67247645
84777_at,6.853041958,7.358571755,7.102787655,6.655302724,6.850765299,6.999322604,6.742506861,6.696481548,7.155246095,7.367055072,7.449408246,6.831876689,7.03021708,6.80439229,7.482493037,7.284996529,6.813879865,7.02163935,6.982333869,6.482700167,7.144864482,6.82372101,7.415140466,7.555785231,7.133955313,7.073356742,7.199170151,7.566399865,7.538913918,7.274191871
692211_at,5.630015588,5.820261239,5.202021144,5.431528551,5.559927459,5.322701474,5.847488831,5.45867298,5.860653621,4.962367956,5.563102735,5.207185854,5.709986202,4.463483569,4.660903685,5.096773379,5.494335368,5.574254614,5.092920759,5.392718411,5.543055259,5.321421952,4.728773001,5.257847714,4.33137367,5.699486496,6.110425173,5.187358975,5.185111097,5.706076605
100533106_at,5.480115466,5.272848856,4.891141404,5.517562785,4.308489233,4.876531815,5.302949319,5.608901918,5.870142609,5.095781906,5.512654899,5.205353407,5.917692507,4.726711244,5.86576073,5.491532169,4.901020142,5.300556734,5.114530738,5.325519991,5.71700423,5.768260315,4.778973759,5.492111815,5.259918178,4.947626946,5.558110492,5.330391564,5.718002926,5.201250317
653489_at,3.507969531,4.658871602,4.58069416,4.188142687,4.257550351,3.966570859,4.551245146,4.384342914,4.58623932,4.981302599,4.410490043,3.777451933,4.449289198,4.253508704,4.613658391,4.793167368,4.646851188,4.622394785,4.582773391,4.74935483,4.683020622,4.840948523,4.558254702,4.693479643,4.410818517,4.499938945,4.387833608,4.357754478,4.328073133,4.462193502
101929007_at,5.537294692,5.507221443,4.859050862,4.907804935,6.147887307,5.975065154,5.759460641,5.691873444,5.797766156,6.118462948,5.532920588,6.144669865,4.95961651,6.19483742,6.189144407,6.002864378,5.681268913,5.506468913,5.363950635,6.271484442,6.07271495,5.323533598,6.512444275,6.366236677,5.719395092,5.995770442,5.329417975,5.507202196,5.439305676,5.656296831
102724142_at,3.67388731,4.532724115,4.175756258,3.565902411,3.286408624,4.811213343,4.315000583,4.23067539,3.673254856,3.942332795,4.328478042,3.013814043,4.625738106,3.04402914,3.849918271,4.141861443,3.736633645,4.236054434,4.035925288,4.207785808,4.121050342,4.326922851,3.790088683,4.201047673,4.115631243,3.862515611,4.310442101,4.001849548,4.378609477,3.788280052
649446_at,6.802729925,6.956589786,6.981255256,6.684810952,7.026372582,6.636368776,6.626949777,6.77696089,6.880073043,7.206214455,6.693988246,6.867365726,6.73045303,6.851091699,7.185162217,6.874970038,6.874208333,6.970724696,6.762151121,6.504566053,6.664751261,6.720685643,6.952077905,7.058257675,6.83679403,7.038959358,7.559855747,7.349706318,7.052057762,7.519850645
105377937_at,3.452837107,3.032983348,4.237265799,3.647212054,4.004847972,4.811474058,3.738827591,2.962980124,3.102235844,3.976747608,4.354857131,3.525298049,3.313912344,4.496628196,3.519644603,3.506619687,3.392867808,3.245301316,3.763119994,3.6399122,3.368895597,3.344494172,3.4807631,3.511506742,3.499806507,3.468086339,3.534041554,3.810714781,3.521382699,3.492086685
100129808_at,4.664798792,5.196897696,4.685003688,4.239270232,4.639117894,4.72895207,4.768775026,4.737730997,4.950364328,4.783909008,4.489167182,4.896538897,4.946776498,4.934632493,5.10091741,4.55483657,4.483216412,4.88301694,5.515449781,5.408006454,4.28898298,4.824086936,4.426279574,4.305573542,4.477645494,4.722181618,5.032443708,4.241796258,4.98642141,4.918669511
79346_at,2.394695185,4.656489394,2.980898519,2.749148428,2.986284272,2.567814898,2.502108373,3.938398311,2.550935384,2.424983213,2.907229564,3.740397941,3.686943309,4.932708647,2.772410677,2.974531654,2.911592112,2.935094843,3.063566853,3.017876574,3.001359951,2.820809625,2.76007697,2.86363204,2.99612852,2.626028254,2.805522421,2.943955986,2.788183407,2.75876764
100616169_at,2.66671587,3.106382469,3.08414174,3.071244599,3.26077017,3.397245341,3.089456505,2.659539834,3.971078688,3.096830956,3.124982447,2.917020047,3.363581458,2.93942331,3.337979344,3.036770806,3.123181466,3.704946638,2.993692796,2.560379407,3.316399083,2.964638737,2.948468582,3.38963666,3.112061004,2.870354041,3.037875646,3.003289504,3.301865891,3.154120406
280655_at,4.896867347,3.831895317,4.256087058,4.750159118,4.174123069,4.365949414,3.928799661,3.403919246,4.726053625,4.380662547,3.873035392,3.260056714,3.999632979,4.188680569,3.911544058,3.839205722,3.887259125,3.941706843,3.83556593,3.848173677,3.737989347,4.126586471,3.940772005,3.853014725,4.138623554,3.970878382,3.947526906,4.060466393,3.696826762,3.891305343
100616449_at,6.303109472,5.623188865,6.713079038,6.605940072,7.259315684,6.592761838,6.90300112,5.934159732,6.288293331,5.573132042,5.604685632,6.13611269,6.409996671,6.686408279,6.385589205,6.514576926,6.747531439,6.55946527,6.492125548,6.618923889,6.341870878,6.581591982,6.724835246,6.437637666,6.744132022,6.450354336,5.864760687,6.670790098,6.794787789,6.595412441
392309_at,4.664095658,4.00269427,5.19331661,4.834026967,4.723547927,4.291877172,4.827860307,4.186871018,4.721601546,4.886156874,4.072108337,4.184723768,4.469935481,5.443877681,4.521441795,4.62571739,4.410346771,4.178953555,4.383929522,4.414977631,4.2158192,4.254995022,4.468576932,4.12913955,4.382665318,4.340573987,4.103443856,4.585735322,4.325774589,4.419293109
107984124_at,5.109708755,5.685016492,4.892525885,5.60985282,5.183957156,5.066027268,5.024230207,5.961943748,5.297400587,5.529402,4.806203042,3.869237635,5.294269497,4.892351787,5.747105193,5.589087115,5.517510323,5.361577185,5.82266004,4.654412861,5.675950789,5.433108439,5.614192372,5.368047986,5.757611597,5.515706775,4.280456892,5.291257693,5.267979269,5.622769172
403244_at,3.641396551,2.973065705,3.795474332,4.303627248,2.551154135,3.158990576,2.920732864,3.093722324,2.69141451,3.14013046,2.563090914,3.102398147,3.529807922,4.04002715,2.595569393,3.549844918,3.464017959,3.157632853,3.025703868,3.324861716,3.98294784,2.751973013,3.524472489,3.72700658,2.931102484,3.551300482,3.100767039,3.219613175,4.170529365,3.049054124
348093_at,6.514286439,6.221224076,6.113263792,6.884858526,6.807334511,6.110521637,6.401940288,6.09923033,5.566829414,7.090009356,7.001860811,7.410789021,5.77874195,6.984130043,6.520440608,6.919562931,6.026636983,5.895401393,5.826333614,6.019500258,6.385795441,6.690220067,6.049026145,5.798500769,6.58573902,6.668006253,6.355555694,6.311555949,6.237830063,6.166110808
253012_at,4.513558046,3.907080668,4.370902458,4.865660524,5.118889054,4.683985073,4.815495077,4.106438447,4.289578876,6.150588369,4.259308605,5.155014043,3.808467214,5.26871625,5.862032497,5.481881009,4.722959425,4.405314144,4.488606114,4.368271557,4.333648006,5.468926932,4.529589822,4.300990815,4.503055857,4.883619918,4.585510366,3.850741122,3.929867748,3.940340287
101928414_at,5.661889819,4.075795993,5.558121241,3.667724312,4.773478145,4.721382359,4.213918334,4.273889282,4.325725419,4.963717148,4.417477177,3.782024784,4.178277901,4.190128499,4.143952298,4.229845408,4.2508962,3.959046124,4.178726992,4.41282802,4.416144661,4.271543253,4.075031706,4.11785732,4.189820408,4.379973684,4.088079485,4.084093587,4.435805921,4.086091363
291_at,4.703356861,5.174738192,4.250161988,4.576487814,4.594425702,4.876543336,4.87317843,5.165131892,5.076824669,4.796117266,4.829556698,4.033050186,5.607092246,3.8238855,4.946729339,5.088045853,4.925149525,5.056875837,4.972032764,5.183362355,5.227424977,4.989508047,5.196395782,4.899495924,4.851414322,5.12566993,5.088086776,5.089127634,5.009600469,4.997124422
101927851_at,6.4205078,6.222739775,6.744722524,6.303888678,6.337491804,6.277067352,6.207039852,6.858744721,6.455932092,7.172337558,7.019542936,6.685115284,6.24180394,6.965958321,6.77301086,6.526233241,6.624807398,6.542682041,6.361897281,6.377183607,6.080987572,6.143470972,6.813436434,6.874446058,6.153320181,6.255773096,6.776592706,7.434016336,7.153418166,7.546964977
105369673_at,3.84838036,3.062054043,3.965947097,2.822809987,3.013873347,4.857169787,2.718487586,4.418070113,3.032201474,2.341808983,2.703659478,2.950623539,3.571457005,2.598283694,3.418434051,3.328074888,3.165830458,3.010555332,3.101384188,3.278421286,2.893671246,3.334858926,3.203493185,3.163669991,2.883525585,3.048212932,3.226219023,3.115405618,3.098111626,3.042992154
100130418_at,2.97560112,4.163823198,4.037697093,3.749108975,3.564101603,3.354768199,4.13160181,4.613568326,4.427577137,3.346490632,3.860335107,3.27543828,3.412844859,4.03394972,4.084393573,4.051584149,4.073681555,3.937013636,3.944066429,3.922465221,4.245801348,4.012905459,4.00078828,3.979780557,4.081675368,3.950535937,3.865480652,4.071654488,4.138699875,4.297189248
7416_at,7.067214374,6.932942294,7.224963227,7.22209771,7.524571144,7.230324766,7.131701314,6.801164426,6.611931133,7.397576799,7.109084207,7.037769363,7.124883069,7.441533307,6.686064968,6.697628017,6.834518536,6.817940554,6.796594416,6.9495339,6.723603747,6.81141759,6.809346219,6.748648577,6.947481071,6.762102677,6.347778496,6.766566556,6.982130021,6.790516506
107984814_at,4.342612786,4.245444478,4.41411217,4.339783307,2.923622627,4.56805961,4.95756308,5.067420554,5.027561958,3.883681546,4.460136443,4.64341398,4.634900238,3.626359911,4.757956025,5.031145303,4.518829257,4.555055169,4.481945162,5.059650915,4.657546308,4.290552106,4.464924686,4.445628481,4.307259025,4.388878879,4.397926106,4.769955614,4.576472105,4.249486748
3824_at,8.09661004,8.025353296,7.599311167,7.659818957,8.006847847,7.971773036,8.106556668,7.879913722,7.739024623,7.649838819,7.578378355,8.051653545,8.318700423,7.766525566,7.085701503,7.13585256,6.926663585,7.371606217,7.075404303,8.309933886,8.319710384,7.494051911,8.012908571,8.266480516,7.47712277,7.618974669,8.630794085,7.62814514,7.157518545,7.589100995
102724714_at,3.452367786,4.467945193,3.530577746,5.07654753,3.142869259,4.633481812,4.351513998,4.466998373,5.606962584,4.516810701,4.285821931,3.453182374,5.21707701,3.979176258,4.576094106,4.759157953,4.337989855,4.588395848,4.754143019,4.409383964,4.455500978,4.53709383,4.672046399,4.92119137,4.654953021,4.939887999,4.725351731,4.475353597,4.580194192,4.271651893
100861547_at,5.009171706,4.646896443,4.78141631,5.363439764,4.95385744,4.863693791,4.610479498,5.254764706,5.252548031,4.436078195,4.534609397,4.937152984,4.572918553,4.778741061,4.695386933,5.203523628,4.589734482,4.47522844,4.597686577,5.0232369,4.836862911,4.765920044,4.993693586,4.521899167,5.062670495,4.517252889,4.453262632,4.179320851,4.678502777,4.296396934
719_at,6.249431259,5.712737649,6.352710341,6.240189471,5.877353446,6.155801802,6.302275931,6.369876173,5.73812051,5.339092828,6.55615695,6.04480166,6.265170308,6.301911487,6.624022769,6.510767514,6.358316646,6.37558883,6.52582542,6.158240208,5.663390582,6.830740295,6.063804581,6.196747675,5.655761998,5.591942309,7.18154709,5.586151231,5.651898368,5.757853001
2135_at,3.503176472,3.569145227,3.761997347,3.837881818,3.710689831,3.181595158,3.533900647,4.140794816,4.859338835,2.878047318,2.99627309,2.420430614,4.35125372,2.839080402,3.759605342,3.830556258,3.708439402,3.800252217,3.773327745,3.96002677,3.796442813,3.894365883,3.811832584,3.86263614,3.723158531,3.957090065,3.985153513,3.842806892,3.814700866,3.838459123
101929580_at,5.13406274,4.265794699,4.475075068,4.11980776,4.695207305,4.369898741,4.759899787,4.601691872,4.988383542,4.935044233,5.019140643,5.219016023,4.234578005,5.881297219,4.695452188,4.538435718,4.491974189,4.567963201,4.608568577,4.470604067,4.807498033,4.552325815,4.617427315,4.600035692,4.383678617,4.412010941,4.812738861,4.391232602,4.355489555,4.530981538
100500818_at,5.766669793,6.46440642,6.3483352,6.253356255,5.354986749,6.164856436,5.983510018,6.572924054,6.668796568,6.270643071,7.099456093,5.469841822,5.745434405,6.640025931,6.182887083,6.026389136,6.447955002,6.357022932,6.19530571,6.357161837,6.190334236,6.263637131,6.625125826,6.539447422,6.291238556,6.329481168,6.002590877,6.407052918,6.419484321,6.339593936
9415_at,7.68632741,5.837844748,6.135223405,6.420575848,6.271065254,6.129674195,6.06494443,7.508569345,7.100816837,7.135314979,7.14761308,6.584464975,7.051188653,6.785825011,6.214727804,6.354847325,6.689573795,6.508830271,6.61242203,6.685274486,6.472838297,6.629617839,6.889290337,6.63152546,6.533022086,6.414665501,6.369527458,6.893566816,7.182528916,6.875746026
28732_at,8.891233116,9.488466429,8.449162384,8.410364211,9.603462086,8.707211836,9.187708533,8.850521393,9.382781049,8.967194172,8.924376825,8.469044445,9.186277487,8.643358151,8.766143415,9.163313207,8.66643731,8.928994613,9.324600451,9.200812694,9.648056514,8.718467519,8.945788828,8.98760018,8.3627617,7.990804205,8.623735016,9.039788007,8.515718186,8.859025969
100505676_at,5.500630104,5.611438034,4.105673681,5.214264211,4.930951669,5.150406946,4.812828618,5.051497805,5.341006331,4.643087667,5.005791918,5.0964488,5.480823838,5.22234361,5.054942007,4.867949996,5.392783324,5.026439926,5.159449305,5.16637356,5.001836752,5.17393947,4.911274418,5.234505037,5.422280818,4.939369474,4.559342812,4.641373396,5.070542875,5.209993611
4318_at,8.351201921,8.84919832,8.482864404,8.332791523,7.975323294,8.097878282,7.901015341,8.113990023,8.09008734,8.170211749,8.656173447,8.481211517,7.866499383,8.567174469,8.645682105,8.396857519,8.736846281,8.848551636,8.642214578,7.605446939,7.860120458,7.998259647,7.831589547,7.538896557,8.140734518,8.120293997,8.487292148,8.606381542,8.670742162,8.530788181
23531_at,8.408707631,8.4677757,8.290988924,8.85152151,9.311730791,8.183116293,9.139861813,8.159767178,7.580919374,8.925060082,8.839716942,8.349022962,7.780846175,9.183504189,8.075481675,8.884144996,8.44365041,8.37453462,8.666477087,8.836891441,8.39373364,8.095481729,8.383913051,8.752734308,8.091556304,8.373533994,9.110424259,8.475117177,8.549857581,8.566082041
151516_at,6.342290621,6.189715113,6.156917383,5.685519084,5.614902272,6.25697316,6.219844586,6.405032967,5.709522434,6.15727499,6.076789562,6.151005479,5.613412081,6.123791046,6.216564137,6.158656767,6.344343903,6.319586294,6.116700541,5.537952651,5.876872646,5.904771592,5.929816538,6.644926538,6.080649855,6.037607721,6.536978455,6.382566818,6.605440941,6.361615646
102724958_at,3.570338989,3.482186181,3.138474256,3.033738776,3.424568258,3.36953615,3.856529058,3.200490352,3.146225051,2.933136122,4.267040668,4.635638677,3.154039542,3.134515622,3.373610015,3.48205302,3.076535078,3.121022636,3.214123575,3.086004662,2.916532376,3.122754284,3.112665913,3.189297462,2.894404909,3.409757495,3.340757141,3.073375471,3.196691263,3.351438599
101669762_at,4.511521029,3.82214884,3.589423814,3.540720461,3.231831625,3.251756236,4.095624317,3.379345548,2.793018211,3.577937427,4.623932392,3.877839691,4.591149591,4.122450493,3.427775656,3.464652638,3.545582979,3.154329012,3.36752456,3.505107172,3.25355098,3.365285815,3.432751269,3.652659362,3.389781577,3.521573117,3.584079108,3.477736452,3.551094006,3.697090998
109623460_at,2.877424684,3.987499715,4.187256155,3.776747265,3.581820274,3.623229718,3.303901867,3.067277756,4.591656793,3.588107079,3.090926417,3.151183917,4.352692374,2.261494189,3.665642025,3.915189715,3.769953759,3.702981426,3.895032849,3.474388209,3.727772427,3.553054214,3.633198103,3.748220271,3.651195878,3.675937672,4.007014487,3.581281624,3.642727675,3.785409248
4015_at,4.352736268,3.970424665,3.314461447,4.648031403,4.266395337,4.25775505,4.586352497,4.204768718,3.53079021,4.146023086,5.164375266,4.336476678,3.675075632,4.700725909,3.863694953,3.853888211,3.808577778,3.731576096,3.783004353,3.891638282,3.836112024,3.865985164,3.818596544,3.754475215,3.839112161,3.816644519,3.771372724,3.793697314,3.863804192,3.831644719
4352_at,6.190584458,5.944484498,5.218856928,6.33573844,6.562365037,5.589006236,6.357434857,6.033562644,4.773951342,6.30986621,6.20908413,6.104953759,5.336348068,6.853092309,6.500857384,6.96229806,5.498879313,5.644364916,5.617433305,5.42867155,5.733408296,5.748182445,6.847301988,6.25182757,5.952299813,5.694594276,5.854732202,5.676509816,5.959619028,5.805394614
692088_at,5.077213576,5.804031063,5.671389233,5.483388354,5.895335695,5.209560065,5.248648369,5.395144712,5.701848893,5.422979075,5.627947901,5.388527442,5.626397937,5.118478396,5.801246713,4.944923219,5.899241828,5.29642074,5.587711973,5.189527147,5.240502259,5.629052085,5.325039113,5.327586147,4.929875913,5.057939738,6.433755928,4.794322847,4.523197114,5.153785483
105377175_at,3.083219969,3.520469827,3.313378294,3.306339273,3.710990768,2.883945494,3.623591602,4.120744014,3.11790145,3.127294681,3.582767597,3.224828479,3.33969042,3.439570857,3.623663485,3.607259749,3.634390728,3.615009266,3.597267579,3.630768458,3.586825859,3.794438355,3.659031043,3.663063589,3.754138696,3.847164152,3.698623337,4.047666936,3.717057173,3.462033569
100158262_at,3.145535734,4.145870326,3.754869125,3.786759214,3.397637175,3.222676205,4.109325295,3.948824523,4.976982197,4.145353122,3.50553516,3.30164759,4.671247672,3.190835348,3.619646248,3.464283753,4.158061333,4.367907411,4.435552383,4.447914208,4.004781973,4.181382154,3.398831244,3.881749082,3.740552011,4.420592014,4.425776893,4.014409609,3.670390409,3.864633991
